"V1 -1","V2 -1","V3 -1","V4 -1","V5 -1","V6 -1","V7 -1","V8 -1","V9 -1","V10 -1","V11 -1","V12 -1","V13 -1","V14 -1","V15 -1","V16 -1","V17 -1","V18 -1","V19 -1","V20 -1","V21 -1","V22 -1","V23 -1","V24 -1","V25 -1","V26 -1","V1 -2","V2 -2","V3 -2","V4 -2","V5 -2","V6 -2","V7 -2","V8 -2","V9 -2","V10 -2","V11 -2","V12 -2","V13 -2","V14 -2","V15 -2","V16 -2","V17 -2","V18 -2","V19 -2","V20 -2","V21 -2","V22 -2","V23 -2","V24 -2","V25 -2","V26 -2","V1 -3","V2 -3","V3 -3","V4 -3","V5 -3","V6 -3","V7 -3","V8 -3","V9 -3","V10 -3","V11 -3","V12 -3","V13 -3","V14 -3","V15 -3","V16 -3","V17 -3","V18 -3","V19 -3","V20 -3","V21 -3","V22 -3","V23 -3","V24 -3","V25 -3","V26 -3","V1 -1","V2 -1","V3 -1","V4 -1","V5 -1","V6 -1","V7 -1","V8 -1","V9 -1","V10 -1","V11 -1","V12 -1","V13 -1","V14 -1","V15 -1","V16 -1","V17 -1","V18 -1","V19 -1","V20 -1","V21 -1","V22 -1","V23 -1","V24 -1","V25 -1","V26 -1","V1 -2","V2 -2","V3 -2","V4 -2","V5 -2","V6 -2","V7 -2","V8 -2","V9 -2","V10 -2","V11 -2","V12 -2","V13 -2","V14 -2","V15 -2","V16 -2","V17 -2","V18 -2","V19 -2","V20 -2","V21 -2","V22 -2","V23 -2","V24 -2","V25 -2","V26 -2","V1 -3","V2 -3","V3 -3","V4 -3","V5 -3","V6 -3","V7 -3","V8 -3","V9 -3","V10 -3","V11 -3","V12 -3","V13 -3","V14 -3","V15 -3","V16 -3","V17 -3","V18 -3","V19 -3","V20 -3","V21 -3","V22 -3","V23 -3","V24 -3","V25 -3","V26 -3"
0.0868112381492778,0.016872060281839,0.0790961699429871,0.237147725604545,-0.0785215600487833,-0.230516040121268,-0.882801391974497,0.142150318436758,-0.0169826754148148,0.0207468864290637,0.403337032164722,-0.0165366494563144,0.204666791018045,-0.0226071842453934,0.203636579554272,0.0766042307824171,-0.374688031387913,-0.0357609008507277,-0.100786098816753,0.294673153515222,0.0660621581927348,0.133529919331157,-0.0404985768930247,-0.081230683433865,-0.0755867113117199,-0.00948181757159641,-0.571074010080536,0.190260337210145,0.0407081314427715,0.0833267075792007,-0.0844300412757051,0.155317163229656,0.212548469347866,0.0359302552655312,-0.360138594035894,-0.0396105405526427,0.151008051921807,0.0865877672610466,-0.357512050431213,0.217377373622167,-0.0774823328246775,0.0931343802903383,-0.103834676650896,0.115230198467663,-0.117170299243617,-0.313274572993171,0.0355106082929054,0.152455737414611,0.146257186141562,0.110322223244341,-0.0662124720115836,0.0312518594130692,-0.208366099356841,-0.0632483557942059,-0.131997045449874,0.0410542045356518,0.0874735256214687,-0.0821663823937576,-0.0113472484635002,-0.173420215052195,-0.0619530634502508,0.0725351458589078,-0.048047985936121,0.0355610492307548,0.0804438474436492,0.0995741646277503,0.109143746746908,0.121572870449843,0.191132004851912,-0.0774736145762443,0.0434497558720838,0.0757553562188337,0.12627825686627,-0.379461208062388,0.0829095186948482,0.159894005104267,-0.0273882890650819,-0.120870234484643,-0.060097032656531,0.0213982472864824,-0.024518595857289,0.184976389378279,0.0289579107708119,0.0176577035331523,-0.162391406345273,-0.0292590728173016,-0.021550308243323,0.00888870397666646,0.164479585232539,0.00207573862963695,-0.0503975984048136,0.0299721796430845,-0.0276557309133397,-0.0332291350202252,0.0112268220469226,-0.0364533021349776,0.0295946152415366,-0.0471713881003213,-0.019090649887452,0.0303575350693899,-0.00540728445132612,-0.000249934870204775,-0.0174081394790485,0.0242956555528579,-0.00840848187527613,-0.00244608895089144,0.0320541014648466,-0.0120323279006859,-0.0109783131066714,-0.00472713426364001,0.059724444816237,6.4454036784498e-05,0.0219004223509819,0.00727212190562452,-0.0231909405994578,0.0140061470711989,0.0417146076175921,0.0366982546804198,0.0391977760721349,-0.0477608246306556,-0.0772174021971257,-0.0656921821807376,-0.0195423189136541,-0.083785098703169,0.0339538726538992,0.0337169245289913,0.0119768673933223,-0.00681393618403608,0.0394688473485069,0.0285836133211279,-0.0462270801196715,0.00174727214282866,0.0576537206186033,0.0536597816991454,-0.0168898650281825,0.042254613066852,-0.0680178933967778,0.0106572697690583,0.0455047690763735,0.00808085390226004,-0.0332248367681699,-0.00308399498823111,-0.0426963943789642,0.019672590952083,-0.00439645888504326,-0.0113201768208018,0.00491681416543365,-0.00693258273201159,0.00310442495793071,0.0178749558412132,0.048294604835773,0.0124178270877074,-0.0335493619622369,-0.0103345282766923,0.0229772973584622,0.016744193747723
0.0263450322756849,-0.0501473815983766,0.166000497073642,0.328441240106172,-0.047593326475015,-0.089459328698285,-0.341095901006406,-0.168875486746807,-0.0798510088268991,-0.00333962390287307,0.298204311405212,0.0180356927261805,0.222770533571288,-0.203157064797604,0.0985192037714206,0.155432091280425,-0.477874499820745,-0.143377970878962,-0.221484976248789,0.455468680939335,-0.0953942851866293,0.160085939009651,-0.0310823627563691,0.0331777653081806,-0.0414538892270623,0.00844846588417369,-0.609929725969037,0.119395638933398,0.128408511271945,0.232899514288327,-0.0410259748271557,0.0453802700460971,-0.0520924702778556,0.0876297734090691,-0.0831020443354585,0.0120222773267492,0.505883366128612,0.265044141080158,-0.372056839749833,-0.0491283151538773,-0.230316515961369,0.128016646526075,-0.299141074039819,0.0389438804189871,-0.367337805192597,-0.109607887432404,0.0107238795328713,0.187061999481903,0.262625303718892,0.220265520120312,-0.120597279349297,-0.0193276886559192,0.0150032863806398,0.0169858944125688,0.00433038658209785,0.127074622836264,0.119798307480734,-0.219345700733802,-0.670332012505761,0.0930369840573191,0.113191146497776,-0.00144610843241741,-0.0143186150199929,0.00662696039955073,-0.0291107346699283,-0.0582964208526468,0.0563335114174961,0.0638702333719465,0.159632305150922,-0.187108794349321,-0.0226704915805018,0.213320587450062,0.102482318052059,0.0229359559771636,-0.107156506825231,0.0961606265897049,-0.0289121521119179,-0.0469925938185402,0.042356249909419,0.0193631377034408,0.00129103392805508,0.0899448178284749,0.0450821937564174,0.022594746282362,-0.317055646584827,0.0547601087649901,-0.0752297171793681,0.0242917215301552,0.193762819388218,-0.00645545306705406,0.0610639750576224,0.0118380933700826,-0.0158943429208822,-0.107303931298351,0.0176303723993232,-0.054107967017126,0.0215978812285836,0.00641442726089234,-0.0446331387285941,0.0848931857727009,-0.0183164208962284,0.0085022761035235,0.00532525604535493,0.00503734802626269,-0.125973507538143,-0.0407528902263551,0.0508086660293587,0.0382038592249529,-0.0256290321524107,-0.0514368039532615,-0.0136691712430794,0.175663208120639,0.0608729432658167,-0.0089265851854204,-0.0552437218389718,0.0222961022165303,0.0432416733723136,0.0433860736109471,0.0783106661401596,-0.0799623008426892,-0.0816528569662621,-0.126551525822605,0.0324115716349138,-0.0972582824001508,0.0811233760261849,0.079964112664961,-0.023829683350786,0.0489053489031006,0.0457099400371169,0.0504641375005771,-0.119922213480777,-0.0575909729704511,0.0605398528271199,-0.0594370528304468,-0.0417811527208395,0.0454320535352777,-0.199128872203665,0.113571449816433,0.0582118726644307,0.0352529643983716,0.102841370826773,-0.0475329330311433,0.0287973996496369,0.0109514265317366,0.0534621005156797,-0.0217146632162291,0.038517683361555,-0.0065230030578387,0.041108915565013,0.000675209153799834,0.0404315571725134,0.0979993972603456,-0.0810052923255736,0.0285656192349845,0.0241384396636283,0.00794261834154506
0.11785446330831,0.0894466625162828,-0.0359588937333268,0.236891286736921,-0.0105268102871708,-0.267545976620952,-0.934503310262584,-0.112764496324135,-0.0946007488281136,0.0140154577975391,0.695151718406765,0.0289419117177392,0.441894560793661,-0.100736982002568,0.144994938910486,0.286525621873503,-0.352862257662774,0.0528908989046286,-0.0845830927324225,0.140120260769046,0.0759032694695524,0.0354979459192723,0.0154671516460349,-0.162055569445705,-0.0865742223497841,0.00426272088683048,-0.603099435077987,0.282554549503967,-0.0796919843971511,0.0749314505591101,-0.0509178999071827,0.0147947651163258,0.0881008772228117,0.014836553878528,-0.418909847072798,-0.0186855989026718,0.166915839058912,0.178379962884408,-0.225742375269735,0.250041245445101,-0.109079425682826,0.0764566326900902,-0.0293175046608451,-0.10899520835724,-0.0855669071195715,-0.491866869237509,0.0402326817827091,0.401774563111847,0.273714891589848,0.112259742621978,-0.00346885336910809,0.0407208373158161,0.0662313781694624,-0.0143768293441627,0.0389019419101176,-0.0314266501980677,0.0938771040957656,-0.14700727766622,0.0125501650528167,-0.180275928761249,0.0894599003953183,0.0291475969307533,-0.0792053714942492,0.00751858366288992,0.0981508883861457,0.0503998335040968,0.129278606700869,0.114994109620469,0.281459865332542,-0.173663303669522,-0.051075685500513,-0.208901952355524,0.079702423754935,-0.538006992003358,0.130204347573528,0.184748109729039,-0.0383795626860277,-0.121191430863278,0.0624328303488964,0.0242373205958795,-0.115176362819568,0.169460030641515,0.0681760224687176,-0.0659638570537797,-0.0461739791326837,-0.016037961524128,-0.0368757713131506,0.00835702782862749,0.0702217494809124,0.0381867750438473,-0.019433692854171,0.0483624721485351,-0.0720241800426491,-0.00148787688892806,0.0119759080536927,0.0517595756703062,0.0197721854351439,-0.0440942818823502,-0.0290208249970576,-0.0133085445706024,-0.0229816937344857,-0.0110502065120073,-0.0196598541806801,0.0451082454021795,-0.00306380327897554,0.00922153541331438,-0.0228461864757861,0.0705187607730764,-0.0132298615939174,-0.0563818465889037,-0.0209370863874283,0.0309746763781053,0.0602527479341246,0.00813645676607491,-0.0370435155827829,0.042890202067693,0.109111797655109,0.0619216431597369,0.0461195329935746,-0.037696427852356,-0.0785248086370033,-0.114399814487605,0.0024813074784507,-0.072511316064099,0.0519288201778473,-0.0640425898206868,0.0343721241275801,0.011876540025968,0.0496486884455588,0.0435212853252772,-0.00442680280720183,0.00785356433094022,0.00952333133155493,0.021509486727425,0.0128821198461012,0.0643789473317545,-0.153992284759309,0.0492957202776593,0.0315797677077621,0.0086924071310889,-0.0201645913696623,-0.00581901960898608,-0.0693478035251366,0.0295707369334665,0.0158758371279028,-0.00611363422412761,0.0419735361148388,-0.02282423913376,-0.0155067699330269,-0.0181203618855214,0.0518097478943546,0.027453204389046,-0.0452086790381586,0.0148324128872156,0.0234589769955961,0.0465544691622913
0.0171482002701173,0.0457249016495526,0.0457289426795782,0.25856625270231,-0.0845778317788794,-0.196521812861799,-0.644448017803511,-0.0104216163621913,0.00278562553688792,0.0105198381257141,0.468570766135046,-0.0383468661532343,0.206581832379215,-0.0140582990142754,0.139447020300448,0.143416275201709,-0.290211805432737,-0.0130131371360261,-0.0838710181397812,0.103515734850895,0.0569327795512549,0.143172163663731,-0.0547389779923487,-0.124450139293065,-0.119561825404668,0.00627889428478536,-0.396409896349201,0.170352473553606,0.0629192998246916,0.161363036138025,-0.0730135244280936,0.144271915747333,0.114148592155817,-0.0695318474034884,-0.235235238605096,-0.0337600272240899,0.0635987644620371,0.117931890756526,-0.29507317154625,0.191412867475631,-0.0489884837180813,0.0687249233766237,-0.0615903725729427,0.0580002375317389,-0.101745806961527,-0.360635421518523,-0.0114606802611816,0.169245118611443,0.139460592783093,0.0797128592707362,-0.0467550039726997,-0.0211103103890746,-0.0825162635567107,-0.0675842162479107,-0.0867407849535846,-0.0950509224755757,0.0852832291542797,-0.065082135877091,-0.188606684496898,-0.0890988532578768,-0.00657166105236304,0.0649994754245161,0.0460513961392893,0.083755231783401,0.0887588986775939,0.0159514581755079,0.0747758713805152,0.150149982523596,0.174608587251415,-0.0310409340108976,0.0436759625305605,0.0125525790046066,0.0913391750245756,-0.305536567387443,0.0795120257496425,0.0693751928351137,0.0372016216314975,-0.127560954235604,-0.0654358756568554,0.0312065711419951,-0.00637695754417521,0.121706830193624,0.0303502005501946,-0.0145005474904948,-0.102484827977275,-0.03564742328439,-0.0350365160843657,-0.00781402507912854,0.100215379387072,-0.0144061778265203,0.0129734721743637,0.0326947510887921,-0.0521062901820863,-0.0300117079506169,0.0474775584297709,-0.0267634039684189,0.00980759356571045,0.00450818510002393,-0.00306079770189358,0.00822920760928814,-0.0236973135218506,0.0141235074270978,-0.0329750192935625,0.0250361733650586,-0.0155322270721593,-0.0158905704855015,0.0202735899730546,-0.000801771531637178,-0.0176968704228225,0.0196621935685112,4.15072286025823e-05,0.0124475388140986,0.0339503771522799,0.0178642404210392,0.00690830391953992,-0.0128423125456601,0.0475780148425032,0.0186551353668355,0.0374932537460538,-0.0365669651842121,-0.0779234462477097,-0.0449481805624784,-0.0224622604756816,-0.0609951700111015,0.0285879316247366,0.0173012689442624,0.0302238999134359,0.0117278464704662,0.0329537154062147,0.0265507429626137,-0.0475976222794427,0.00393903028003308,0.0431741238677925,0.0119381647063945,0.00380140137035088,0.0532742719666656,-0.0425506748772879,0.0528781632518206,0.0588091348466895,0.00575944569932701,-0.0492859737337288,-0.0188604733662899,-0.0585172084890113,0.00315049059419162,0.0238768950653381,-0.0153483191120456,0.0403526666069287,-0.0214594041461168,0.0112046152842977,0.000294197758616447,0.0479860397782878,0.014680292701645,-0.0641257897140615,-0.00284382106677364,0.0278820121097935,-0.00263640859654309
-0.0152591575791618,0.0349579054779136,0.0752402044510598,0.0792814849032462,-0.214335633297861,-0.0237274400178506,-0.493619229870667,-0.138352455659374,-0.153267754019136,0.00683107270715531,0.430813101735916,-0.174264554387556,0.183434180523598,-0.0475789587917475,0.111851641270151,0.243717751507438,-0.0935035794120398,0.0786792562346073,-0.101342253700653,0.0558894856933066,0.108643177113811,0.216492952109513,-0.00886679179876099,-0.10352618339351,-0.0616334615906903,0.0375345210191275,-0.164424859941463,0.176608564409537,0.0194590127960193,0.132202818476741,-0.10327083785853,-0.211025172025701,-0.0267978811365001,-0.108827943567598,-0.289037556913847,-0.0738153213542551,0.153069167621714,0.152173106657064,-0.173368878568644,0.281552221002667,-0.0462533842656143,-0.130596942257591,-0.194206508721403,-0.0126193843094569,-0.0501520477598985,-0.220385258292035,0.0757336009372315,0.359711185534327,0.184515260008497,0.0965901516923956,-0.0138140919873729,0.0410730236375274,0.00745507299975332,-0.0293315548531577,0.0189680877062521,-0.0525542031747959,-0.00436355039757643,-0.0151171887095837,0.0973213018361955,-0.076111969525534,-0.184377293119848,0.0228363949790838,-0.143859005581742,0.0437392363162433,0.0025825927286328,0.141777100103286,0.0608807652479763,-0.0601203493003149,-0.148666459215069,-0.0290609669892285,0.115083817708481,0.052283262012854,0.107521927688114,-0.0992128072246034,-0.0211495140841033,0.195446345694481,0.0214135093336299,-0.0792810881367565,0.0656222488578981,0.00421689128726074,0.0271451208941028,0.130884230654292,0.0504654574239572,-0.0128571299558072,-0.116414644503558,-0.0544152427006359,0.00823041904938531,-0.00835067011298353,0.160057436320315,-0.0236439417598497,-0.0368378188025244,-0.0059053775827016,-0.0563876091324161,-0.0487946759461189,-0.00343814199929684,-0.00275630841478927,0.00954222064832448,-0.000904495659782717,-0.00235440110697199,-0.0196867302279495,-0.0227851490252506,0.034910410381805,-0.0133375832670054,0.0102364011755721,0.00787166683853963,0.00913686998502183,-0.0137213574408234,0.0142507106557835,-0.0802495434277189,-0.0243376155204537,-0.0801723975866556,0.0403199646601403,-0.00372371379123481,0.00511300409879913,0.0915121991441346,0.025429281943355,0.0540548441808925,0.0545444936977362,0.0265675958795953,0.0244732262741509,-0.135017616675426,-0.0763442392758725,-0.0235957551197038,-0.152312603298415,0.0262287874306831,0.0411016184473178,-0.0292932514822806,0.00331122794181554,0.0572199843040012,0.0522923093411063,-0.00206195117583883,3.04444290922775e-06,0.0586545862469153,-0.0798650209693165,-0.0322739270764207,0.00726831693261616,0.000724391048271031,0.0256395522676719,0.00821012289482252,0.00730831401944112,-0.0575776125426431,0.00570326260836247,-0.019276594085487,0.0486985660500804,0.0370029807598449,-0.00272141761525463,-0.0683714534226059,-0.00282291015375352,0.0695219136838301,-0.0172632044257269,0.0553173563039182,0.0656610757408566,0.00515196463775141,0.00204638835508849,0.0350349040275748,0.0455408295451716
0.116314345573669,0.113631925682498,0.125694740730195,-0.0342608373844034,-0.0692993503103795,-0.104947744811977,-0.458043686068385,-0.00526780917891866,-0.0361427569981283,-0.0169513632244026,0.349772795989144,-0.0800974018040573,0.114183658697295,-0.0785539881409154,0.12138306990632,0.0883136712175848,-0.18536259409214,-0.0440760478956861,-0.107442180025967,0.193141417120074,-0.00983701216907598,0.128093380453506,-0.113358362295346,-0.0975396285689857,-0.0624657017281643,0.00436508184973008,-0.445953149427233,0.233265646626463,0.0889895971418135,0.0426378755443305,0.0146165847255458,-0.0843481225315372,0.227380979644967,-0.0712243554507613,-0.192445057601571,-0.0373844964785118,0.228096239942745,0.0611494603009162,-0.296213385744931,0.104703276582618,-0.0357674618086681,0.139325091713403,-0.131079441957414,0.0505150373915136,-0.0723483327937429,-0.373376599372767,0.0158511489738836,0.273221745070484,0.132928745799259,0.0269864126373176,-0.076205320106464,0.0355439576480866,-0.312100530951406,-0.0401400838893558,-0.0435773239427335,-0.0920430959987014,0.045650816327419,-0.117299707227076,0.0302246412250126,-0.157517801127595,0.00997463889657753,0.0583896833439844,0.064713338485089,0.071978069773406,0.146617419823261,0.0535657968780534,0.0657962612568598,0.0960334761437129,-0.00727783676462972,-0.0685061867815977,0.0595188377610631,-0.0177021689099238,0.0291604161954316,-0.139343292570248,0.042908683959747,0.139131251108587,-0.0370772171136021,-0.0422412890005974,-0.0716865395235969,0.0409835643120072,-0.0166800474383591,0.173313728035148,0.0168580984956573,0.081238877699116,-0.13116428101048,-0.0348237706047932,-0.0201157919119197,0.00761133925448491,0.089178562733781,-0.0136615824087425,0.0322856122170845,-0.00503756987727555,-0.0248669256593039,-0.0304363906103254,0.0156149789898028,-0.0261250086959192,0.0154257609042625,-0.0187794453897686,0.00715622022999673,0.0330997783461819,-0.00864655685315674,-0.013357424033992,-0.00296972257407414,0.0309860626367207,-0.00307661692586368,0.0183812021036847,0.056111788551271,0.00233342757815997,-0.00808512490349452,0.00968361842115088,0.000867546602490913,0.0199705602721899,0.0419097795656121,0.00604321469838245,-0.0182761132220134,0.0413627756040673,0.056527619538963,-0.00685041387308697,0.0395851944429841,-0.0258047173900712,-0.0697135762464312,-0.0643204501169848,-0.0142989555091375,-0.102041630099343,0.0194391948264716,-0.0111626257819888,-0.00285239164765695,-0.00515438528971584,0.0204676882770775,0.0149036037073077,-0.0310638322847174,0.00885076918303937,0.0320338241653413,0.00986949913845632,-0.0124372827249373,0.0223224205110925,-0.0767863525198974,0.0390771251797558,-0.00279789846174949,0.00881860485307986,-0.0172396324010447,-0.00213429343903197,-0.0453891475529685,0.0134434910423213,0.00839679815486851,0.00475202595383855,0.0558619412472114,0.0117042793716152,0.0418691810121175,-0.0457785761630448,0.0197327532747975,0.0577464586811711,-0.0440949722198741,-0.0352744677035193,0.0374346149087872,-0.00374044716071274
0.042699682502019,0.0476561823440299,0.099920580978187,0.199413280868108,-0.0591065813025756,-0.222831502262938,-0.906333009149204,-0.0113221096123347,-0.0563080901193938,0.00502071605701106,0.621214983776924,0.00140388688252442,0.244131369633283,-0.0172206049451644,0.163816708714124,0.106056860917259,-0.378374898786806,-0.0229617172170909,-0.115009510818842,0.204087566337469,0.0629927558687885,0.17483585712979,-0.0627147389905392,-0.0794783380688041,-0.10437709647248,-0.0202387849540117,-0.607123544467156,0.208705511202635,0.0940210154944636,0.121043392667591,-0.0933191845187908,0.100550481866767,0.114553462249449,0.0329640390065916,-0.351544418366595,-0.0582137856317697,0.0987329875161794,0.0572947843276334,-0.373090396840587,0.193462841186866,-0.0681751985314624,0.0721799876375779,-0.0336037800849971,0.107932423716358,-0.0841599701317663,-0.28331322265651,-0.0375247634569942,0.256945863874363,0.121973896187768,0.148600844580458,-0.0753474296798393,0.0345908356991998,-0.264756664446457,-0.0549621212646462,-0.0611131909773811,-0.0779518510690271,0.0874861467010194,-0.0671706638138124,-0.200195678525331,-0.119122016585329,-0.0285111246151529,0.0840863126659298,-0.0153324736181191,0.0672067964417902,0.110360298311403,0.0646617464549091,0.127976473089781,0.1102136430603,0.177118019596742,-0.0722044042104312,0.0145145801616576,0.138528324968878,0.182833798349156,-0.303227853709137,0.0472101201426645,0.146631157720936,-0.0337377459479838,-0.10334111417084,-0.0489072577386952,0.0292223002466468,-0.0087710678237272,0.171425631950679,0.0263508262915735,-0.0135708025104563,-0.166795376363333,-0.029970852436918,-0.0144728368140902,0.00593563315554882,0.132206935723398,0.0047023125650288,-0.0123192671537062,0.0122868518930414,-0.0660355403185202,-0.0288246371731321,0.013412031834044,-0.0157601833909511,0.0318330860446729,-0.0249714466462331,-0.0168388331076736,0.0392981362669979,-0.00615819415999211,-0.00697660736466528,-0.0208714806072684,0.0173205627474523,-0.0294901413131398,-0.00219288282227801,0.0353542435637273,0.0167315017870288,0.00126457295998687,-0.00794277311842782,0.00327153868992654,0.0395202132808176,0.0291360042590955,0.00721277565265974,-0.00119874638676012,0.0242778718094451,0.0457203608233892,0.0258751216944401,0.0299303047038526,-0.0490810472902327,-0.0904184211335213,-0.0889491297961061,-0.0185697449219747,-0.109586785232248,0.0418156166340184,0.0322662472833182,0.0237253076127135,-0.0142963447676804,0.0364361343029126,0.0330335275071663,-0.0364178256258138,0.00344452885520844,0.0448857856010002,0.028746146954004,-0.0154518305348537,0.0424522457095386,-0.066058911569234,0.0331682004682944,0.0217911688541066,0.00568071622426541,-0.0210807678151487,0.0130594158187914,-0.0557522616232516,0.0335667078182379,0.00737328574893443,-0.0149373264276924,-0.0103129752715848,-0.013211113634774,0.00932909833475439,0.0182458608345888,0.0510771357495202,0.00592798607097043,-0.033296690214292,-0.0124931705138843,0.0184384608136688,0.0251187863956603
0.14282398166967,0.0806467137835195,0.182609369022537,0.135735026976954,-0.0617615577581016,-0.246651603314554,-0.703104778849298,-0.130848558169879,-0.0367561474295775,0.0220262091970973,0.491391626082788,-0.0999992217674351,0.209067527021092,0.00209892743056406,0.142362001236436,0.156508610679048,-0.322639985480438,-0.0221150249840604,-0.111297243322885,0.199200274572182,0.0387122779804834,0.151488602716345,-0.0907710635825194,-0.153520404601115,-0.104850575743344,-0.00304659705255166,-0.518583225286492,0.290155478531134,0.0782602620642085,0.206872547000624,-0.109016211630641,0.0949129466341681,0.0262645286407964,-0.132676382922026,-0.332140816159334,-0.045819954747516,0.106605433294495,0.200690710653807,-0.270542525300387,0.133441185611546,-0.0549105306888962,0.0593538927203917,-0.123839696351835,0.0775998377282302,-0.0477890959007902,-0.239326021372523,-0.101304957230739,0.279869634161574,0.202487387684339,0.0855749896286253,-0.0817382297941787,0.0321107881605282,-0.34799547506785,-0.0298762391804913,-0.0330894641507692,-0.0602317005005229,0.129976475672793,-0.054091490612296,-0.210154589303326,-0.318574409391689,0.0523462683635994,0.06869187970375,0.124336769334747,0.1011985010726,0.0795086378021127,0.0360512658006946,0.0774102579262717,0.114749583772713,0.119754918916874,-0.0991691956388755,0.0282173729631108,0.207532563409565,0.1533121785404,-0.192023776414832,0.0206951768999464,0.124189215567891,-0.0511653992358241,-0.0967655442146576,-0.0829851249586689,0.0226726055151463,-0.00763687772217675,0.17027801177696,0.0653479101808612,-0.0065648118468214,-0.100472310651451,-0.10389985632424,-0.00504733516507524,0.0211304472377636,0.127099380211594,0.00565953866376719,0.0298333977851611,0.00960102647523593,-0.0441142531542856,-0.0253246652421583,-0.000156109429803035,-0.0290801876341926,0.0346132884587444,-0.0436637281546827,-0.0176487355770567,-0.00741317756511426,-0.00865683961923294,-0.00863304444516309,-0.0101885594798865,0.0126459588019144,0.0144511091653698,-0.0056098420231734,0.0473720294237603,0.0181713627840607,0.0120918012023739,-0.0184974805023015,0.0340295498871894,0.0170704144737498,0.035090812092379,0.00534742812914553,-0.0101667279606693,-0.00467992492870488,0.032652499624865,0.0290027727575647,0.0509708487592332,-0.0353329078087746,-0.104937309755057,-0.0860823883163132,-0.0405584786561037,-0.0813130842829533,0.031029446989643,-0.00781417850493523,-0.0101196397188664,-0.0230294336338257,0.0372901714663336,0.053296399724034,-0.0919658436152165,0.00751850505773964,0.0144363058730385,0.082332229925275,-0.00345235575203224,0.0270077693191511,-0.0874806546049623,0.060886679077325,0.0451856917197457,0.0109859578057139,-0.0344705005565951,-0.0193856344619334,-0.0532290340068577,0.0571343656257288,0.0170305726668972,0.00288474535410178,0.0094907803778349,-0.038480607627206,0.0293677077783759,-0.0134860111708672,0.0676124653239458,0.0547700673463137,-0.0436862510404279,-0.00716868876024422,0.0352054323840584,0.0180808324681719
0.0269108786637166,0.00853736561947294,-0.00713189666849275,-0.0269824890856125,0.00148505678172248,-0.0535287305256746,-0.554917985165653,-0.172854722647105,-0.149186910491417,0.0296000521015328,0.473522452077257,0.110396190883359,0.266895855939223,-0.00134796250236647,0.108187111293015,0.135036124549999,-0.272457254241815,-0.12386355415164,-0.133964354381893,0.415246131417817,0.032107238298959,0.040029468668245,-0.0558948495702768,-0.111649469100577,0.00377265543222692,0.0468250000889821,-0.388934203134227,0.0718451715707604,-0.0202467260468387,-0.00490838827734218,-0.060434890991804,0.0930031958899455,-0.000540100372342899,0.080809891773856,-0.240293603326419,-0.0377206187887514,0.131260827093856,0.126493637676719,-0.204729081793296,0.226237286643045,-0.1168977499598,-0.0151431353668576,-0.191695207017089,-0.016903908805779,-0.0169854189767579,-0.0456861614848849,0.16970543022628,0.240145924130681,0.281670148545837,0.017287763860386,0.0366717366406314,0.0550529761783885,-0.0623362465615058,-0.0210339366183177,0.110804525128392,0.176968941976109,-0.0744307547830781,0.028121434366958,-0.116471166614625,-0.145569611660866,0.140842420243597,0.0649128860853054,-0.152154280374053,0.0312315912935711,0.0914997060188702,0.115537494014073,0.125774831848552,0.0741726016735818,-0.0472839009471425,-0.167573285248774,-0.0184659652664611,0.0333775578073612,0.102367908958549,-0.23213122765732,-0.0338512745097164,0.0722896738685122,-0.0489349890005422,-0.104098917799152,-0.0286097540979909,-0.0083256071641321,-0.0200563913651961,0.0991041467274553,0.00882314471861377,-0.00179336989656109,-0.055575599086763,-0.0018316978925862,0.0914072126595217,0.017061443041794,0.0344465583165697,0.00615732806562098,0.00693912591475204,-0.0102263683168487,0.00227857518656068,-0.012417998005347,0.05887902034888,-0.0310417632547523,-0.0208950177804938,-0.0248630287726907,-0.0206274029344235,0.0017316744180273,-0.00922478357033143,0.0205573356971678,0.0106871622282893,-0.014526316590628,-0.0185416058038229,0.0078698458597932,0.0309332638803,0.0219980270020175,0.0146298112468795,-0.0108644560872344,-0.0622072438624483,0.0129648049557044,0.0141388217196119,-0.00341056189165091,0.00453093535749346,0.0165464332818757,0.0907365475627206,0.0209632600092435,0.0129703346621226,-0.017778631160973,-0.0234757412130963,-0.079202206614979,0.0228058773895861,-0.0541437694395989,0.0348498463766812,-0.0584677195733916,0.00303148551012123,0.011014635470397,0.0214363586722339,0.0282784434639117,0.064042287611546,0.00140647627260083,0.0108777636588284,-0.0206617469522868,0.0200384232255412,0.0957486989607349,-0.048006145953126,-0.0261156596717303,0.0603510835991331,-0.00269475910252385,-0.00382060447578067,0.0320848644134962,-0.0345104641260861,0.00738530730552866,-0.00585482482530042,-0.007648539716013,-0.0217588380707146,0.00990589355230484,0.0304880195358479,-0.0693418317430569,0.0407057731508701,0.0209818487206413,-0.0175657528081073,0.00430099894062405,0.00836195560964011,0.00761426771134396
-0.140512473143478,0.0136664036256757,0.177984069204215,0.421883209699111,-0.0615256012145774,-0.177564405880939,-0.33914469886344,0.0106001633306228,0.0500354838873989,-0.00247132838503186,0.213623604978016,0.368437263448516,0.0273901422563416,-0.229440812680317,0.0756863641868278,0.0790684822536021,-0.41366812451813,-0.233432535055631,-0.159659444779463,0.188314157906869,-0.096454335357858,0.257648301816161,-0.14601008089316,0.0987449120523078,-0.0277311142379044,-0.0144558267831343,-0.562671437730876,0.105394711816934,-0.0434733959422823,0.280110240278854,0.0588925576162964,-0.0771632827383387,-0.244685473100624,0.156108842031722,-0.213968798634643,0.00629064130106089,0.366188038697023,0.0942897879261106,-0.310167006412379,0.0802701645244626,-0.12851002140683,0.13362580504227,-0.208947237549277,-0.120319516523917,-0.315446579346288,-0.126885824523307,0.0195065941242574,0.516772740990244,0.422684863893401,0.114883539543168,-0.0922935133669028,0.0501328221729938,-0.28399128024219,0.213150968483602,0.120301839277467,0.265005418372344,-0.108497257852166,-0.0810840050281926,-0.409384638000174,0.0696115034895502,0.130511316119105,-0.0434796235788187,-0.201331600109663,-0.0973900646255282,0.318555157597666,-0.173282066397437,0.171219683299488,-0.00748136411641952,-0.147063194467919,-0.143235319277322,0.145961881289854,0.067126290349978,0.0866702780350671,0.185562198146336,-0.0247446558612075,-0.00145732861083032,0.0401391778055644,-0.0837140139513617,0.0478560138470416,-0.0536198816778673,-0.0236789592411153,0.127435663314625,0.0722199264543671,-0.00819528665208572,-0.355558522237485,-0.00503327176448407,-0.0200751140581181,0.131958227843814,0.143339703272485,0.0535839344686137,0.0559517471957434,0.002929030669969,-0.0840413468068031,-0.0822447442817464,-0.0275923074316512,-0.032850791553947,0.0743811166880597,0.0697696377359827,-0.094464671223225,0.0859549859456329,0.00804494569968442,0.0219689712167918,0.0238539767306642,-0.00516325520979989,-0.0937001174397613,-0.0218971202923919,0.0435233648473591,0.0808772112905554,-0.00800841524099159,-0.0487219382452284,-0.0793804643854224,0.104667791251591,0.0422246900548376,-0.052498620537676,0.0205182766615629,0.0960656225518648,0.0452866366140887,0.0202310728966337,-0.00849194797577661,-0.00775651630925268,-0.0649435071720487,-0.109528998933952,0.0153777612179687,-0.0623183659309791,0.0581148557640279,-0.0239837920993502,0.0184043488990926,0.00220389162224956,0.0245927044500761,0.0447249427387147,-0.102958911937978,-0.0461570830160692,0.0380096119415744,0.0313675037388558,-0.0393359585323108,0.0712664889173272,-0.152571090947106,0.0739617050918146,0.0462227983375108,0.0318910877320403,0.0217582025165371,0.0607495243318149,0.035554455721375,0.0459598664235546,-0.0369538070878571,-0.0421684306677327,-0.063966344890121,0.0400121018114953,0.0588957590590788,0.0554473173802113,0.0171322756905606,0.00255031029944827,-0.089141655101723,0.0355329479800878,0.0209822654171641,0.0165525527948071
0.00944565576322192,0.00468740720530812,0.0650597107459399,0.19242666295783,-0.101856445849154,-0.195367690577755,-0.879604137861821,-0.0494068816368124,-0.0871440754804034,0.0285128256995841,0.784999059442071,0.0342750871061996,0.214341275466214,0.0233227225880486,0.168388498007721,0.075308749001134,-0.439473449942918,-0.109720059234575,-0.153289529794838,0.175767470299257,0.092042177774056,0.170968176088782,-0.0105913011056168,-0.00895522345464253,-0.0488070509625245,-0.0153768812122822,-0.450487470356093,0.161493433489203,0.114081732467374,0.188977302341694,0.00666330545568107,0.11879048833714,0.340190457680648,0.075523595801646,-0.384040432494119,-0.0483385804770256,-0.110327674083981,0.130452882727736,-0.462413699824589,0.16889034823429,-0.140344601326316,0.105168476256111,-0.0763561934576348,0.0234053473578289,-0.102173743685489,-0.314348348029247,-0.0743984594951375,0.132825397197184,0.161771321919185,0.133605711066808,-0.0297583955714391,0.00302515688164723,-0.38197290613261,-0.0640672800737325,-0.0673536171205753,-0.0159970939423526,0.0631568378287635,-0.0675183667596355,-0.0964931880602602,-0.0687671318812279,-0.0396647138879229,0.0676338287240106,0.00137527945025678,0.100653485929385,0.0568242376632694,0.0132469671877116,0.104363977863487,0.173100087262312,0.0944568425725725,-0.0522601309690306,-0.0142587666108317,0.164334093548449,0.142980763394411,-0.201007755455285,0.0794720640033298,0.105304548366936,-0.0325192618133038,-0.0909872115199149,-0.0432519342522278,0.024082983157488,-0.00251988944451311,0.164300094669454,0.0156334389544494,-0.00207931964821635,-0.0958235637051305,-0.0408028886991065,-0.0230621477621062,0.0121134527586623,0.0615335044321716,0.0226188558915454,-0.0140460399806863,0.0238617328425052,-0.0527261683629136,-0.0408015768786505,0.0426550234450359,-0.00090646771091816,0.0313791379229296,-0.0454250220897938,-0.018646911978628,-0.0137308043889816,0.00793470965282016,-0.00784343514175413,-0.0180284890293288,0.0208373463178099,-0.0294196572303973,-0.00758969060411938,0.0358332651495922,0.0242654367059537,0.0137883375507018,0.000206108167671923,0.0659281495024083,0.0050483206837297,0.0252316481443195,-0.000731144121869154,-0.015976646237833,0.0152876357637789,0.038102265354425,0.0417933878442719,0.0155966205348174,-0.0255325259576867,-0.0828823120241254,-0.0651852802165253,-0.00660817045240552,-0.0990294518697478,0.0337160305297821,-0.0143502813410877,0.0268006214406539,-0.0215954773393603,0.0271448043697012,0.0299465848004817,-0.0481460841573011,0.00901731501623552,0.0133341243788733,0.0386038485086843,-0.01805955645877,0.0522673684615136,-0.102627979991748,0.0323701098846863,0.0314942436886739,0.00466749813456774,-0.00997992133188985,0.00989360285641191,-0.0361435782715121,0.0306963631013114,-0.00248140675677496,0.0143231873685462,-0.00740634939662049,-0.00327860818339951,0.015095346884095,0.0164952823401315,0.0742784147669776,0.0291527959015481,-0.0280818489621174,-0.0234977761855485,0.0130044334604696,0.0296154563931662
0.168188553270672,0.0492691736030487,0.113392374820178,0.186567852433437,-0.034868749694733,-0.202637108188255,-0.70760476095182,0.0963084124236194,-0.0312279220961056,-0.00535051018504595,0.419580961379729,-0.0490708979177897,0.192261171839396,-0.0094650640789922,0.257943101000227,0.128688706633956,-0.463705647836184,-0.0604396892387398,-0.0547935602319683,0.130575795100353,0.0132163198106689,0.0627333122474433,-0.0432211322484527,-0.0503213896298952,-0.110715572339813,-0.0245609901290821,-0.593597122062574,0.175794024307072,0.10470909140572,0.09731886770551,-0.0222813878135853,0.0681294814482386,0.327857484272027,-0.0462429454479518,-0.28886119234572,-0.0249750049020388,-0.178099252977347,0.0507990607894864,-0.228492327164658,0.0779801427815525,-0.0859740355997178,0.0799963750894474,0.0303404284929279,0.0627743827883572,-0.0827781431469227,-0.0738666334523885,0.0400474670670514,0.214319264361156,0.0805951680625032,0.0816903479845749,-0.0784025089675782,0.00083035896886438,-0.36950453219435,-0.0485806383263907,-0.0523237068436232,-0.137546938911407,0.108821899855742,-0.0417164092601284,-0.049088975557901,-0.0145696219455318,-0.098351072364441,0.0356212190862862,-0.000238793173677282,0.0773600755481961,0.0948377140482827,-0.0476877858582801,0.139314022511674,0.0123299800477823,0.137260627454304,-0.0187112506382086,0.0294528880382874,0.0105687134602002,0.0918423281559859,-0.056797062594128,0.139544835648041,0.0786967180112306,-0.0248566854077079,-0.073305232239804,0.0389925948159829,0.0237742162788407,-0.0334988713632862,0.144233256200997,0.0182762884859182,0.00757516573495538,-0.0766913522407126,-0.0335885149255515,-0.0425558602208601,0.0142050804396212,0.132389757553082,-0.0127902431021201,-0.0279880387411778,0.00173490769991459,-0.0268755872497053,-0.060742683133308,-0.0213459538231495,-0.00771002648811144,0.0188029580287461,-0.0590666304392832,0.000564198300542402,0.114594338899855,-0.0328104675803347,-0.011634025994796,-0.0237983007005602,0.00869898035116795,-0.0215388356453387,-0.00984977628115459,0.0338737449422307,-0.0400747312435794,0.0054718254799779,0.00771576452983794,0.000214367545926575,0.00514495876479271,0.0197567071984734,0.0093799420052198,0.0483584417340027,0.0476647704282623,0.0543221180367991,0.0160337464766159,0.018201267507508,-0.0328688326082624,-0.0794260694340609,-0.0864106697337414,-0.0214603523894531,-0.0786229402763891,0.0446924320519081,0.0102945737431663,0.0270305209073051,-0.0336934398717566,0.0436405393628229,0.0290157969274433,-0.0355325146093034,0.0173984933226901,0.0382049890323131,0.0250951162826429,0.016589607999344,0.0352912306192092,-0.0604096575425289,0.0322300416242413,0.0320486041877419,0.00407213294177924,-0.059995110376125,-0.0441144958542219,-0.0694247519404253,0.0560208375316002,0.00946384375709513,-0.00474922921923566,0.0340796761173961,-0.018467450563728,-0.00326946000858179,0.0149426407642662,0.0635548914883524,0.0418400408216898,-0.0366013217061729,-0.0318411367509448,0.0172344651059077,0.0365065100982527
0.0767858192445127,0.101225404764702,0.145336664514801,0.049235329426214,-0.0405561274937145,-0.201807811326066,-0.72241955453225,-0.0382946795586634,-0.101714616310059,0.0161050223024158,0.573956800192797,-0.130158634647593,0.119861404293016,-0.0192864655208551,0.0750513537838497,0.125559329863514,-0.205187457840402,0.00473600645411262,-0.0976891929535676,0.274115873071066,0.0785957842878701,0.176056495077976,-0.150073494992359,-0.116519390773177,-0.138855956844621,-0.0195045253362185,-0.627896989466813,0.2263099626047,0.0736357663122566,0.135750934921904,-0.0870921274412293,0.0564723262225067,0.0454625644788835,-0.0196459713057213,-0.304130414992177,-0.0288018088510807,0.0896340862496095,0.0454703843689944,-0.214509107827149,0.124054279457931,-0.0134255425427546,0.0490248515026929,-0.142358814745572,0.0363634681060766,-0.0840400429513269,-0.197739466648779,-0.00600128838019449,0.443950066219358,0.191409907669922,0.0921371941140152,-0.0816191983239583,0.0587819595104611,-0.234509081265992,-0.0678775558844042,0.0357419295066518,-0.0873949392597853,0.0879585600415465,0.0371027862658819,-0.143468677485236,-0.0864881285150104,-0.0237698725741742,0.0839411360347508,0.184362607690639,0.0273420674678143,-0.0398791983193466,0.0560499749491593,0.0929802501766141,0.103514330406784,-0.00688855586241643,-0.0879006926414061,-0.0572214880577593,0.16533956793788,0.113336108222844,-0.378089940699369,0.0558376799400599,0.0910412822636152,-0.0577559851644722,-0.03981567866126,-0.0267074233601798,0.030080576057602,0.00479471370278397,0.171626948189274,0.0474691493048795,-0.00392678261325893,-0.18385648461494,-0.0553640261113672,-0.0131289522019107,0.00837628769882684,0.110352067382436,0.0399849336846464,0.058517351282613,-0.0245892506800035,-0.0465079116136559,-0.0426947590196707,0.00470222267996503,-0.0329201014053844,0.0300108760693748,-0.0196463073916356,-0.0270370767493807,-0.0064573948202632,-0.0128082450589271,0.00478509412743428,-0.00679311008649051,0.00845804631544119,-0.0212595557082693,-0.00138630800219863,0.0484011046628945,-0.0267873438056366,0.023875896470507,0.010350521016746,0.0140657931591937,0.000401128141997198,0.0608939764166191,0.0107149505736744,0.0277660050747184,-5.79139864902086e-05,0.0539625725032087,0.0207403806779995,0.0178215532364743,-0.0549505282449853,-0.0723365689797484,-0.0856853274852659,-0.016479435869135,-0.0850317472629113,0.0390434702157518,-0.00219967464366096,0.00720659368094903,-0.0115405819598283,0.0347226733874062,0.0303553584038099,-0.0746172733773445,0.0119233934250817,0.0355133970762995,0.0320899785905037,0.00936398748106937,0.0257101444649076,-0.0500151269403676,0.0605662797191362,0.0405729840198836,-0.00561760487112567,-0.0263097985414323,0.00587841503809764,-0.0946267469496305,0.0336880337266273,0.0253135783209659,0.0105337018600484,0.000957820820034572,-0.0153585058013692,0.00723973274176825,-0.0239198765080015,0.0294192593303642,0.0462652511067101,-0.0489757544967582,-0.00668295629376761,0.0261074379441435,0.00953005957255109
0.213627017865108,0.073508436248672,0.132387799815803,0.0858837371544612,-0.093421984614255,-0.182426623350762,-0.420258343651564,-0.0153662379968586,-0.0408813472194039,-0.0352187992657351,0.309007350318593,-0.0382637009815924,0.326972817094988,-0.169613693832722,0.27007036899347,0.016584983749355,-0.442499150069464,-0.0134280615679214,-0.0822837189686507,0.219657045635048,0.173166268071898,0.102660045498394,-0.0834479186152541,-0.139668557340692,-0.0756600371156768,0.000812692994494606,-0.591615869398412,0.193056897752644,-0.0155012453691664,-0.044839883293532,0.0154817032445128,0.145407260726383,0.0355259485017259,0.0911679325578857,-0.255148612927689,-0.0302669464514985,0.297239771082598,0.0880510105619729,-0.388404528303079,0.209748901585974,-0.113805376891769,-0.000373055059778227,-0.115989452546832,0.0221266661647384,-0.206856970013438,-0.13174635475442,0.125428056622555,0.105204964082361,0.134641877253711,0.123326737863688,-0.0206605340865762,0.0670510093099543,0.0159794880828276,-0.0709472790813615,0.0383955475111617,-0.0382601609633975,0.125128791706914,-0.208171906846753,-0.323968262187625,0.0247383128820139,-0.0893262753567524,0.0647053593553996,-0.121774535369239,0.0777576028582841,0.197121080218651,-0.0345866638743839,0.10971494476096,0.0570953611900556,0.107580829397679,-0.0819935599387446,0.0123471863356923,0.00241342976757772,0.104239022697826,-0.168150850907857,0.104140141555491,0.0540185382547462,-5.82519469780662e-05,-0.0891828146174181,0.0222844230674155,0.0372805105596458,-0.0148372750232168,0.200042238239272,0.0156423414679978,-0.0191615222502485,-0.139973372045664,0.0137659345578924,-0.0287381002613257,0.000855079296825276,0.122583491981879,-0.00893898645314341,-0.122221031202647,0.0261096999799991,-0.0591215001701145,-0.0649812668708601,0.0449200742458229,0.0248554031718659,0.0036408869671773,-0.0211861426572725,-0.0187674355013068,0.0279285154576924,-0.000595980541158468,-0.0175834534649377,-0.0265536206900893,0.03134031043734,-0.0373913017669655,0.00835633615396031,0.0625034742227237,0.0599278495609105,0.00217088607804841,0.0502450890633576,0.10026951206676,0.0170190320429904,0.0510465638661989,-0.00121583737683656,-0.0173841006760085,0.043596296008334,-0.0408051605675213,-0.00762275857261026,0.0125236037751552,-0.0669644293256382,-0.105225748743254,-0.0763351920111606,-0.0222070642527558,-0.0655984968614231,0.0403701127245259,0.0389039663883928,0.00337313797233612,-0.0440487572136492,-0.00198208716288641,0.0420731478549249,-0.122955708718433,0.00531207065682952,0.0318045956542995,-0.0291764910712815,-0.0172732491608647,0.0364557383981719,-0.0849003395994964,0.0157465047849513,0.050579098016412,0.0102013732380044,0.113592706207337,0.0107145625574685,-0.010715466997093,0.0241337930134734,0.00651657425622983,-0.0322355418120615,0.00287870283391408,-0.020177603623838,-0.0048097092988811,-0.0251597932873212,0.0324228164747161,0.0200851210272999,-0.0143882088212395,-0.0168100696818655,0.0182505940676919,0.0286171087404509
0.374140441177032,0.0609196581026416,0.0562669378007913,0.0683422040655201,-0.0898205677772374,-0.203595752199285,-0.558364783309878,0.0685660940279135,0.0859012449574205,0.0169441082904117,0.261467332323161,0.055508995216229,0.107447749302523,-0.0163840650659248,0.0524169279012393,0.0622318721994528,-0.253708902276844,-0.0554494565457583,-0.0812722025778774,0.160697907757883,-0.036738764536825,0.0800996515696457,-0.097618485337047,-0.079967654495051,-0.0548514728628833,-0.0480326300691082,-0.344529327879457,0.141474009704371,-0.0140063607682427,0.0493529320943513,0.0657376225384967,0.0723038388876007,-0.0650742759285399,-0.0373134817215928,-0.276040535683091,0.011218779034428,0.207704088453598,0.144069777748781,-0.196652811351286,0.0320112382657707,-0.0954790338464273,0.123029353576356,0.0342073268634786,0.075486369083804,-0.0412796285268302,-0.378719951277423,0.0435152742112518,0.184535325787184,0.167866181370749,0.0941112851430965,-0.0340469779936761,-0.0302097062767942,-0.383774906305426,-0.0160286513854728,-0.12264187527645,-0.136230209809233,-0.028324611257491,-0.0503155598956404,-0.136062596817798,-0.173364261509059,0.0457024768329275,0.0478108822795842,0.153347907755347,0.172291197894881,0.279529434935628,0.0244305545542664,-0.00939294530928704,0.0700569421597841,0.0414680468619323,-0.0166631349009418,0.0967181295891788,0.0556171824525691,0.102792073968496,0.00805182349659468,-0.0655999876672012,0.0914764777916671,-0.0975794736923794,-0.0639485346090605,-0.0178534711636256,0.0188977319715063,-0.0731662160430598,0.145568665034126,0.046488790751292,0.0266314404157155,-0.108879727253778,-0.0267851398567692,-0.0254532869194158,0.00541168655277792,0.119492281165451,0.0321430406866139,-0.0232936971325518,0.00765980956939471,-0.0700867195404054,-0.0571720196648873,0.0485655863583131,0.00462289108525878,0.0355450937763525,0.0347806588033682,-0.00908822421473949,0.0342901601678238,-0.0197065704230765,-0.0258055974571003,-0.026783289763949,0.0300902674657237,-0.0625455933857719,0.00129647761601038,0.0219272618248921,0.0103517422715763,-0.00807730038749867,0.0507889487955225,0.0197400362072541,-0.0407479150735742,0.00301979207857936,0.00266155135036356,0.0267981990296679,0.0162896305939749,0.00532512249301399,0.0143165341650072,0.0278839493538119,-0.010389310896478,-0.0635550681782259,-0.0495457677509035,-0.0142743056870435,-0.0554060503523451,0.0503695497228394,0.054658761828002,-0.0116121334692334,-0.0112161875644516,0.0435228284038863,0.0179604767289116,-0.0473226175844746,0.0110317460726073,0.05348804503352,-0.00302972607334341,-0.0106443613480035,0.0182186351082765,-0.123896298715384,0.0311094710524591,0.00991669012430758,0.0142421868936772,0.0343269510185369,0.00278220433043629,-0.0335179770975469,0.0332957922694115,-0.0190849782755167,0.0265202119389686,0.0437182829981566,0.0101273147104374,0.00536583135878532,-0.034448094465533,0.0436560421103063,0.0497305079089997,-0.0247855514574741,-0.0412003328081782,0.0174985848584435,0.0116245842579598
0.263185862463802,0.0450676062028544,0.0710976568328026,0.0492439316119666,-0.184844943808154,-0.352988083040581,-0.692973019253335,-0.100916447490876,0.0237753938247281,0.0375678705902139,0.503054251433341,0.00842141607517911,0.355080022129149,-0.127348254138255,0.182284010116976,-0.143032208821842,-0.374045273883009,0.0330962638314256,-0.0789017356475313,0.443094098231926,-0.00507634722683563,0.229866268515397,0.0136986224033734,-0.101823498685468,-0.117004941947467,0.0392314611532899,-0.711500497563567,0.255567125276964,-0.0590020605208319,0.0820109521031447,0.0136571779277159,0.130027317193043,0.132040431247156,-0.150739968880495,-0.450949962245304,-0.0530355581338028,0.124378521669477,0.228838798738998,-0.123372202339282,0.155460694138307,-0.139302983043915,-0.00334268388401061,-0.147212061348439,0.0364529309696244,-0.0475652781266265,-0.114872400884217,0.173129679755791,0.354349093451897,0.103598697088261,0.0973682242862149,-0.031621951401975,0.0190459381632789,-0.0588883789732529,0.0374592012408867,-0.170735908116466,0.0913473018699957,0.0487841685259893,-0.273251424563286,-0.308588557543437,-0.113900840896125,-0.0397013548036388,0.00774384540345098,-0.191214166096279,0.110274031958443,0.258345167410184,0.0923372808222041,0.170375961468915,-0.0459638100440475,0.203506937268739,-0.0478129591794113,0.0513282195496124,-0.119533456753653,0.138107351596233,-0.12779652474956,0.0487292445764789,0.23516133542371,-0.0745601511436356,-0.0994776373435045,0.0356174936898694,-0.00967504342677405,-0.0346822362778204,0.141623757415807,0.0125505813555248,0.0436849226776264,-0.164769586628527,0.0127100973092356,-0.00831442478605412,0.0215220884994864,0.0804166414067726,0.0175019570033708,-0.00936604866866921,-0.024439911226872,-0.0512471250855649,-0.129229136102962,0.0904418068583481,-0.0312812125588389,0.0276593863545341,-0.0209454618923798,-0.00349799125958626,0.106156193689643,-0.0511277871973791,0.00537930593251864,-0.0117819067310286,0.0268613101758629,-0.0503181548470255,-0.01406958756813,0.0455509017589842,-0.0343000916374712,0.00210121597261124,-0.0359851326297252,0.0374544021074893,-0.0149101263202419,0.0481549289368984,0.00864947909052837,0.0249748928833684,-0.00353727397539202,0.0786925011781108,0.0503426285116854,0.06979646607555,-0.0626512020071041,-0.0715383337278847,-0.112731804791434,-0.0101084241742704,-0.107863389989985,0.0587696351147479,0.0679232085402268,0.0030694615681177,-0.00190100591318145,0.0431933910190958,0.0393803584955517,-0.0137235091084823,0.0144039748109979,0.0308569867542479,0.0198857966751305,-0.0261197665726754,0.0420638048350971,-0.0959814134942817,0.0303242923872874,0.0327267948592798,0.0258477784805885,-0.00949102552789103,-0.0238732819350842,-0.0860267831829002,0.0300972234203713,0.0433710177835874,-0.00606783786417926,0.000269490356667338,-0.0078328382364388,0.00683236469269082,0.0233479110077455,0.0452482719869447,0.111550034223826,-0.0470561717958382,-0.00783401007535051,0.0140966538662681,0.0114567962475799
0.140465383432893,0.0300911935194749,0.0465504089374064,0.289813374967446,-0.0670767573986396,-0.287052971387712,-0.718135420185882,0.0205782586579018,-0.0388848636173814,0.009930885323497,0.54013151332572,-0.0451672234856438,0.234978106059584,0.135267396420432,0.24987061044045,0.0502426776625707,-0.662415317724987,0.00586269985388473,-0.154438783780687,0.154845123832365,0.0539502601443525,0.0704019577445543,-0.0337579770578347,-0.0314776302860701,-0.128779970494015,-3.07014191817575e-05,-0.644916631842083,0.13744492083386,0.0420968034154577,0.0460147119794591,-0.0232938024989052,0.0829673431843866,0.314822153858072,-0.0268973919313809,-0.249074837301506,-0.0260600989953446,0.095673061441336,0.0475211571117873,-0.244670293187153,0.0776217515708577,-0.0535312563842426,0.00816066501404716,-0.084091954399584,0.0835448245231874,-0.0834708261437657,-0.264366282903911,0.0235472891074941,0.374169416846104,0.173055991040547,0.0559326565828208,-0.0261098463306861,0.0110721982796153,-0.158630798484014,-0.0434404517964297,-0.107829989879256,-0.0556976875812096,0.0684174406359822,-0.0330697638745502,-0.233430192467351,-0.111396906281265,-0.040289280956112,0.038185561354801,-0.0471013479147962,0.114715265051378,0.234310157407616,0.00601847556567633,0.209344155295391,0.0032083592900524,0.124759910070164,-0.0220331253073639,0.0338316101400814,-0.051616614120222,0.129700459044605,-0.162398961613141,0.0429967052376268,0.106205187949181,-0.0249595822201041,-0.0802795433143569,0.0325544631828415,0.0126299349480088,-0.0187185674665673,0.121137464715841,0.0174248585017417,0.000364698710747491,-0.104781215904593,-0.0250042541984117,-0.018004101113433,0.0145069382635243,0.0784870639380744,-0.0430132505083284,-0.0236191378733585,0.0234984187343941,-0.0327052459893105,-0.060908631638564,-0.0261290012755159,-0.0314075739255851,0.0362963784375789,-0.0197917874770204,-0.00906581048310342,0.110708911266415,-0.0236858163375451,0.00541634953460926,-0.0170752033268037,0.0198979972756022,-0.0745871628213486,-0.0133142590733711,0.0342750060363831,-0.0148027636710527,-0.00432275935316952,0.0127351808845858,0.0506125801725578,-0.0247148139159254,0.0174700140597968,0.00760991598084301,0.0876242070900027,0.0552189736876404,0.0412960896691223,0.0286739198724171,0.0498068027822027,-0.0425986204256693,-0.144962435601934,-0.0661098058461745,-0.0301296875503076,-0.0714273985763455,0.0312969101339118,0.00943512127457349,0.0221605155218844,-0.019140727541958,0.0349521833480642,0.0327467773757915,-0.00630442713968731,0.0143069640083377,0.0575622323644325,0.0219271940094693,0.00867873076606247,0.0263840047392889,-0.0294004588527342,0.0144456565291971,0.0144077727333523,0.00232154760860305,-0.053788352645267,-0.0102456529991817,-0.0329862816628585,0.0183425659685712,0.0115695471906065,-0.0315263686396539,0.00126806072880043,-0.0275404808527989,-0.00597335078583582,-0.00077324186818208,0.0690485597771492,0.0514139719980543,-0.0443140083386045,-0.0440754023547777,0.0101295985088211,0.0345147175903202
-0.317673445918436,-0.0306302641248189,0.162621615091511,0.205140488060147,-0.0909058298476012,-0.322162195512764,-0.457976610951342,-0.152054813576692,0.0462181121327627,0.0420317181949971,0.562359480610316,-0.054550531840579,0.421419651131375,-0.0312961800823391,0.16697477200105,0.205593214439865,-0.332335257584682,-0.0405380115494217,-0.0874304729604079,0.326453556926177,0.0271295491021224,0.094370122992995,-0.0933474148106779,-0.0865338379162132,-0.0243185279432678,-0.0267471024465012,-0.281668325777877,0.243635392100567,-0.016133882296007,0.0620435293039873,-0.0535847805817299,-0.00235384949895213,-0.083291882243419,-0.146657607116322,-0.305907128972577,-0.0445830651708541,0.317048378464724,0.189895988258195,-0.100298136933352,0.188854412448031,-0.203331195540483,0.0939548863282399,-0.0741699152885091,-0.120613280366475,-0.140692461078404,-0.290371246057404,0.196673093978528,0.131755095968092,0.284411432171912,0.104465451918478,-0.0653422961389686,0.123426003450538,0.344580722806506,0.00220816292690847,0.0816942486117436,0.333603021093809,0.0421478305467631,-0.106223553331595,-0.340359613094708,-0.167834631379846,0.0661258647392069,0.0178431647172628,-0.0703395367972619,-0.038192281454861,0.0362163923738153,0.0763333384031942,-0.0293335925279504,0.0218661510679479,0.17315119969586,-0.167044971492174,-0.0849588845977392,-0.0472741238132871,-0.0353211655709854,-0.456185716834978,0.0323270722226364,0.16144638824202,-0.0682275982530196,-0.10805597262275,0.0841984072098759,-0.0122883675764147,0.0818279544066107,0.128067563346524,0.0366789800482245,-0.0159920090523909,-0.0500160476912907,-0.0231243980519249,-0.00969209628747015,0.0219402929556623,0.131854314229959,-0.0555549790652045,-0.0265390311245075,-0.0432741785570279,-0.0156329252501884,-0.0573394512768832,0.0117093745650913,-0.0712810451520793,0.0314724821991012,0.00978365058867896,-0.0488310106671772,-0.0326322759213193,-0.0159960195130561,0.016937112026281,-0.0202197481990106,0.0366490168720126,-0.0245710852435208,0.0107981390947958,0.0509376386568755,0.0294158152628422,-0.00780546258425585,-0.0440049784012428,-0.0129933173413638,-0.019957806525831,-0.00313328793763504,-0.00550166117412155,0.0780704839978476,0.0125900855103596,0.0688190730352995,0.0237851964648431,0.0284287712012673,-0.0205236810428292,-0.102297694959228,-0.149292499766983,0.00507831684700979,-0.062492601822088,0.0435637239276847,0.0133145554466958,-0.00782101841308645,0.0223999681876042,0.0376639747074492,0.0421225565705476,-0.0528041949809026,0.0142530344721976,0.0469151409019859,-0.0431426110266015,-0.00724255866155862,0.0656346470747083,-0.0695071096361999,-0.0119263095346098,0.0160015733243616,0.00795321992496668,0.026662471105759,0.019504905567083,-0.0106824104894957,0.0357885138825215,0.0511858753255143,-0.0292896194989224,-0.0221519799417401,-0.0488510905440725,0.0165374754047521,-0.0300650453937789,0.0481590818032345,0.0797611905793672,-0.0479591009227992,0.0237469374560731,0.019055104956828,-0.0083902539635736
0.256507687613301,0.0118995590168026,-0.0719000428149106,-0.117929252283495,-0.0976703514579804,-0.017313609200672,-0.308216268339405,-0.0542739815603475,0.0781993040477806,0.0494674039224148,0.255436498118476,0.00142259249689178,0.123767540633989,0.015690457440581,0.0165407462124891,0.15857840145122,-0.0839714278264936,-0.00461509985511083,-0.067018496933845,0.224890331822908,-0.11074768594846,-0.0576329273089818,-0.135158475178244,0.00234476193233071,0.0662997101372894,0.00105642902287223,-0.141019890428476,0.0757790531933059,0.106991851940937,0.00975682531678167,-0.0581015733693567,-0.0312385248285613,0.0294790914581516,-0.0233983854221123,-0.186667878917842,-0.0419315025826617,0.0697109177268811,0.101318600474068,-0.0565964264763937,0.0522642506986839,0.0892443563206543,0.0913456364915057,-0.231504031540931,-0.0415386632571463,-0.150194144214419,-0.126929910263177,0.176657877477887,-0.0132770819210651,0.0884083807772069,0.104876173142023,0.0561090628858931,0.035537876407332,-0.143291069484442,-0.032303450645981,0.161940322751384,-0.0607578334156952,-0.0292470208407512,-0.110788813505684,-0.411423149194864,-0.0185742227366286,0.0483405994092388,0.0582464446643579,0.00516433351042377,0.138074048690687,0.19564324577926,0.0672008969765553,0.0807759690246632,0.0615939567177058,-0.0204725440602021,-0.0812453078913447,-0.0323648750602124,-0.00356137986533871,0.00622451086282788,-0.0134374887438123,-0.00302126873678577,0.077346735861583,-0.0149181582033026,-0.0410717175582269,0.0683392885821547,-0.00943047574276033,0.068425396902563,0.0177580439449008,0.00975387238380778,-0.040681698155148,-0.128464482825957,0.0215873784436138,0.0904016317067582,0.00872197584279119,0.0103169441664207,-0.0439367838436778,-0.00657068168405337,0.0446702656778068,0.017433704610816,0.00857675772256307,0.0419042981486727,-0.00380018377139803,0.115074533650001,0.066020317897116,0.020101529370438,-0.00456610996259845,-0.0366330197673187,0.00027091736464441,0.0105194954810068,-0.0128783665774604,-0.0473642244376664,0.00632619949647803,0.0589389063644388,0.0295463186259378,-0.00188975566930299,0.0181362992627673,-0.029047550409457,0.0262444608289782,0.0363333403920003,0.00465061749107745,0.0252766295437435,0.043382839504866,-0.00563471141559779,-0.0118598991536609,0.0302522807052017,-0.0159157632717733,-0.022006201132129,-0.0651185058848437,-0.0462586970670301,-0.0435951818559609,0.0255028567608173,-0.0563445535523676,-0.014670322626071,9.43097084256177e-07,0.00543730007216006,0.0191453247546444,-0.0275869393036032,0.00565273664614254,0.0235307490688741,-0.0377760903990145,-0.0095878047932749,0.0661309369993179,0.051193031114479,0.00424533320411492,0.0227233006190842,0.00935881108874546,0.010743224655101,-0.00462293997127733,-0.0620499943658748,-0.0130575566688114,-0.0029987968965993,-0.0523961880161501,0.0448849214857099,0.0252316498009591,-0.0399058905084988,0.0303026096149325,0.0514320717779357,0.0108977746257144,-0.00143671092856136,0.0120961965128953,0.000382023383529649,0.00722250607805565
0.170496749161198,0.0521714371977881,0.0633726509341838,0.244097004930359,-0.0548996929129051,-0.252144895214609,-0.713373675860719,0.0384031901971393,-0.0288519491853129,-0.00418899574206902,0.397536929851105,0.0179547981814789,0.165265429055339,-0.0365090495748632,0.220894237125518,0.0590026396667814,-0.224104711246221,-0.0933488956589647,-0.0836706256960457,-0.0388522287112927,0.0535704790189854,0.175492929712412,-0.0533300972905672,-0.0421539818903148,-0.0829264370068076,-0.0299936177851901,-0.482136065570209,0.109745224485202,0.136443140293149,0.0420623887606784,-0.0715094116929776,0.104950189823311,0.113027029980876,0.0672767154357105,-0.292353549072922,-0.0133638865066071,0.03162679306,0.0393269837261829,-0.327854211213083,0.141114774992777,-0.0463365381004938,0.0154249865414849,0.0843249881193053,0.0204582761086395,0.0229373667184734,-0.434426949037608,0.0283227260644886,0.356769627562204,0.184236629211656,0.0654979140808094,0.0231845114470715,-0.0272589935837443,-0.228291640953232,-0.0897225409205864,-0.0978353520831469,-0.163107632876026,0.0527655698711372,-0.0356038583950431,-0.203257511020234,-0.0390773996680383,-0.0281007200897997,0.0895590189776749,-0.0175559977283948,0.104675710865591,0.0772195524552239,0.071243704761174,0.161191719582842,0.060573087367548,0.149614763958244,-0.0191940524611211,0.0720887735694565,0.0699497535956114,0.0774220657996176,-0.127397740013701,0.101311621108587,0.0988256180429174,-0.064020029229087,-0.0695273062046363,-0.0557204836430187,0.014003061772055,-0.0162582114503013,0.134497205363711,0.030734766734822,0.00110430414277159,-0.118061063924891,-0.0367856872042611,-0.01490090062078,0.00102005381039052,0.119762605980034,-0.0109956050664888,-0.00845111692993835,-0.0067915676551677,-0.0271125871424768,-0.0443754343231011,0.0308148254306874,0.0196614409599031,0.0336234295284164,0.0243045164586592,-0.0276045265340267,0.0438996832451757,0.00259944338559572,0.00477559394617302,-0.0140977860438185,-0.000388442279209201,-0.0478841595299248,0.000545321615155813,0.0213198089457363,-0.0229686670159064,-0.0036080076416359,0.0286974072291539,0.0757181234531202,0.0178494676540752,0.00117397373441107,0.00487566783938483,-0.0323631188122716,0.0270325396477935,0.00158302766128996,0.0270243628312833,0.0398065600654602,-0.0566305058553327,-0.0581745631560942,-0.0467768230950685,-0.0235069038713505,-0.119344092613921,0.0328005646985487,0.0664151052387546,-0.00422499946832647,0.00247822235631786,0.0257130850347443,0.0296165409793073,-0.0758849902843253,-0.00764552901688257,0.0395272404731011,0.0312005901148334,-0.000159032124235137,0.0372621559940833,-0.0167253194901646,0.0072083925576523,0.0353876848394779,0.0134744397806077,0.0106625362848424,-0.00177343990041084,-0.0448596907663017,0.0176596253794084,-0.00369193862002704,-0.00303773913916903,0.0285067521282892,0.0143506546099496,0.00687512562939194,-0.0317451196691567,0.0498995441932348,0.0205377213843604,-0.022542877647211,-0.0280620768957607,0.00889951893125684,0.00592137037160211
0.214401704964841,-0.00286728178236465,-0.123969095030338,-0.13820468863619,-0.0101116110414118,-0.102765649665929,-0.37362532406771,-0.0722215678158066,0.235120116865454,0.0405740862032617,0.153501377336833,0.145111011038886,0.321960916891539,0.108155441502752,-0.107412211517827,0.12076137461636,-0.157141279206456,-0.005428170281594,-0.22602130347141,0.282594819262616,-0.136614400585621,-0.0283901784589574,0.00511087733595794,-0.0408965516309519,0.0268469688283209,-0.0137431043557372,-0.325808926526585,0.0988906482237984,-0.112850367813625,0.0375603588738752,0.0617374557596104,0.029285314525084,0.212928641598905,0.0239687858625189,-0.103821282926728,-0.0742515488361085,0.0508428302223705,0.23834083197015,-0.159009729511942,0.102887940230523,-0.0774960072975926,0.0624297902061046,-0.201451324862299,-0.0493988657010681,-0.15816105981696,-0.141455774237919,0.221378990373153,0.125027704180896,0.011465108524141,0.0635954456412177,-0.00024734392528752,0.142558473556003,-0.161676956320443,-0.0150396165870674,0.25171391246659,0.0553309484567989,-0.074193475335169,-0.079876406574933,-0.285318720176849,-0.160916496071755,-0.0121794060855728,0.0829641855155708,-0.00418199528181134,0.0167209677090595,0.171015453462181,0.070089677916765,0.089673702890924,-0.00148396373293636,0.045750148444493,-0.0330957598312957,-0.0752411701194301,0.0146368375128338,0.121922044186308,-0.108193690917317,-0.161375638224514,0.108000520720603,0.0180517631494201,0.0518887207794095,0.0342757619112138,-0.00726617517796076,-0.027928204585755,0.0178786194560527,0.00646758355801925,-0.0270131218372384,-0.102143159238309,-0.0167518785694349,0.0438106619354686,0.0326111612288358,0.0621522814613832,0.0831341248295302,0.0321981284717551,-0.01692141610137,-0.0443335922066894,-0.00379890774678076,0.0402745961248877,0.0308564600982316,0.00199642553743031,-0.00827016454945718,0.101007159770261,0.0264111493211366,-0.00489188246405691,-0.0152881701860723,0.00201092484200612,0.0124892798295752,-0.0405943648677011,-0.00196357944845061,0.0559662236045635,-0.00354717447116457,-0.0130350003005955,-0.00516260116224221,0.0119956688109028,0.0211423442738982,-0.00566996726367717,0.0144374013759261,-0.0475744688486504,0.0143076816688214,0.0208395634747864,-7.12474508603099e-05,0.0505574969292958,0.0328468800688184,-0.0399343363292891,-0.0589806813434628,0.0401144918202516,-0.0369317908864168,0.0265705099341309,-0.0311036317893773,0.0295764043645992,0.0055813515166914,0.00274707464022202,0.0139303054055557,0.0501693790869541,0.00775325846847413,0.0427988939856832,-0.070084363635715,0.00619585950819345,0.0813607375704773,-0.0328539549459811,0.0350785750419325,0.0521673349980465,-0.0125754944592257,-0.0198921210872029,-0.0389242263931773,-0.0558022437915397,0.0118543789862923,0.0326990304296528,0.00195673932851178,-0.00526906836168707,0.0253252898396475,0.00465469819502796,0.00719022170414278,0.0453783538763996,-0.0453900821535112,0.0222678516799544,-0.00827883979417803,-0.000800986683965954,-0.0147155664908322
0.217647857344475,0.0505810152763533,0.0885700708070284,0.218256488837498,-0.0728289816027757,-0.187478177510111,-0.581000119044191,-0.0387014496365086,0.0171792098873418,-0.00466737255377855,0.369372460687106,-0.147020405098326,0.178433045831701,-0.0721220501992381,0.0871527848208774,0.0953262596432711,-0.295324115161423,-0.0396485939936708,-0.13194590297546,0.230150840977126,-0.0208089932262432,0.0226312300654963,-0.0380603538471353,-0.0128934086400261,-0.0880912240588535,-0.017535011057002,-0.435667202468672,0.169906146930004,0.112088015496709,0.0106176372694111,-0.0608262641890165,0.0899953844500293,0.217655901750625,0.131423790385201,-0.292736369505423,-0.0118688159598761,0.109266900280614,0.0717186659993538,-0.411972604311813,0.1795534283315,-0.052015413644449,0.0736085196352446,-0.126466841204009,0.0615307674991454,-0.107709459934106,-0.256790013418258,-0.00350061963810595,0.073432091842981,0.0831211304730619,0.0791554419591893,-0.037184701458715,0.0126378373653327,-0.258688728135044,-0.00893609778085575,-0.0330960823132254,-0.0681962347157928,0.0489893456369756,-0.0749392441714385,-0.0154259413069488,-0.029917942625857,-0.0733206905070851,0.0607786215204946,-0.0163960129171232,0.0439461510203129,-0.0143913303821185,0.055343723611428,0.123144707302117,0.0951157012094632,0.218225420059482,-0.0464577507359181,0.0287764219085433,0.0573592608775768,0.178208207546598,-0.364759121032565,0.0534087156905561,0.123512918387296,-0.0380277122085801,-0.0928679071770487,-0.0402318828061919,0.0185478206976315,-0.0213415455908973,0.178420737041022,0.0230193220935763,0.0141258319658761,-0.112640429155216,-0.0370626862138584,-0.00069053197926497,0.006955059238418,0.108987705398289,0.00372747029649504,-0.0344000832922107,-0.00569437945483599,-0.0459043000096141,-0.0176710801171791,0.0255238993400999,-0.0090855181388216,0.0436921338335744,-0.0304143310663751,-0.0157111673753041,-0.00493379618859104,-0.017457449739515,0.00936935694731098,-0.0176923263961477,0.0090013591353661,-0.0549739821398711,0.00457689783890407,0.0316142046800715,-0.042253983771833,0.00856692391574935,0.00970644359322507,0.0291172597735177,0.0106260130235152,0.0207379328445139,0.00386421961176329,0.0141326145030675,0.0085191947409528,0.0481047629640825,0.0248328770286308,0.0366114173161224,-0.043278442046775,-0.0491590589537065,-0.0749208521731285,-0.0231745889778994,-0.0877639544126732,0.0388367137660524,0.0127631068724604,0.0118598082569208,0.00623020981473453,0.0360800428236106,0.0210704766293867,-0.0403145655077564,0.0102452610118785,0.0495807899553429,0.00991775877863251,-0.0116819989910183,0.0388382053112353,0.00344663511841586,0.0290071482223004,0.0161648163804639,0.00625886103068675,-0.023470908564867,0.0231330427557116,-0.0650805635407938,0.0180368732640857,0.00722259326264783,-0.0203702161024725,-0.0111531871583176,-0.0060250352401799,0.0164545346767285,-0.013791231303404,0.0388849188975019,0.00365892634991957,-0.0263009918233293,-0.0255858797630715,0.0167919473693697,0.00720385804107482
0.0712209169326153,-0.0267489290753462,-0.0355570167796343,-0.0110492300909006,-0.0185628642899122,-0.0402150006312583,-0.540486992229243,-0.0182788408191296,0.0916263678047268,0.0762357012471193,0.222747584419439,0.27575612939808,0.264039838264881,0.0235858675001934,0.0967019701869163,0.123735220428738,-0.243270063249023,0.038650068752453,-0.180276069319595,0.239429130065457,0.0324094683592642,-0.070219516195876,-0.120219497680894,-0.123707757843606,0.0800846930898002,-0.035359897026061,0.00896923052231724,0.0673993246884254,-0.0823057474693614,0.0263502228150592,-0.0925971773554012,0.034244886318926,-0.0621123410332076,-0.0320918314361874,-0.139545087166983,0.00928535630148945,0.0271870616687961,0.161592449059194,-0.0775682019779709,0.0590489221012023,-0.032246572940941,0.0922543165617714,-0.117977071989687,-0.0333931527184863,-0.0653553198227625,-0.269128287508923,0.188730709920377,0.168191817104594,0.0230365882280325,0.106590685658105,-0.00122084020213628,0.0314163405556547,-0.00122610800040446,-0.0202787239952285,0.119749292847153,0.0428362109511005,0.0264676350674123,-0.124587498278445,-0.310478326872232,-0.0384199553557615,0.0556936479099981,0.0522241305191957,0.141140904518389,0.136049667242688,0.061588803282521,-0.078032626915311,-0.0366923424354661,0.130256431187896,0.0179915000787455,-0.0821335456166345,-0.0410370766979211,-0.119209815731562,0.00710966544170851,-0.0103114213796194,-0.0906560876148135,0.015340388691967,0.00568037018333676,-0.0869405344872715,-0.010399919033823,9.06248484928863e-05,0.00754818824330746,0.10088022635014,0.000956987069221353,-0.00926609290093527,-0.0527935285298734,-0.0335280065692006,0.0255240073352266,0.00728318913719921,0.0439812651613599,0.0421579807405026,-0.0256030918195685,-0.00325209219197278,-0.00369815594608369,-0.0101967358885063,0.0218126825422256,-0.0139007655952306,-0.0117311155687654,0.0317083147685302,0.0166556824688528,-0.0138162736087253,0.125858279993565,0.0202890982204107,0.00294830908181625,0.0183691939265767,-0.0486765962417242,0.00734042269629815,0.0388648275879669,-0.011379772893007,-0.0134183826167893,0.014510247397361,-0.00118316471927786,0.000914406237143964,0.0204723649034179,0.000382004648587376,0.0259432663540543,0.00887711644542723,0.0374740288271315,-0.0173817294021597,0.0439602238230588,-0.00461688840010545,-0.0190071688847767,-0.0780304891516097,-0.0208622260654492,-0.0366405132106624,0.0323829807909092,-0.0214511910443018,0.025821818711353,-0.00993246237515901,0.0149313271242439,0.041614937888921,0.0302919815209439,-0.00889063305750326,0.0191762915807586,0.0204036328204793,0.0234781130372533,0.0495580985215089,-0.0394970714975232,0.0581875984640438,0.0520310293830144,-0.00195108646166896,-0.0244138719530255,-0.0285060969844904,-0.0469207743460546,-0.0265420841071985,0.0146925247465591,0.0289847876028478,-0.0166932945414473,0.00198532313193102,0.00744841011803323,-0.06097008739078,0.0258023758142826,-0.0306047248565787,0.0631724636902883,0.0219018926867958,0.01302863643521,-0.00967630868112196
0.141575073412374,0.0226362860299768,0.0549072339306566,0.204177786073533,-0.124517678262532,-0.208502940387326,-0.495542834017473,-0.319572306380425,-0.106860192859962,0.014959312717274,0.502022640155964,-0.0941149100024846,0.277293569341523,-0.0642862624224954,-0.0762134079238828,0.292146708088274,-0.212291543430204,-0.0574637401770671,-0.0785335457854515,0.464301087722078,0.157966210576873,0.00509069838422309,-0.08243594733219,-0.100521999884549,0.00416045906677743,-0.091173396265032,-0.317882315484358,0.238467517338476,-0.0518803818054041,0.0758023938586342,0.173514859130645,0.0474132732416137,0.00755164026280671,0.0106616730035636,-0.243634981810091,-0.0696402656186351,0.0251505754442044,0.165799575077277,-0.163254019715097,0.0762090605324162,-0.178197725672005,0.059947949287649,-0.112500828722431,0.00362912498352227,-0.151065962676416,-0.0724307945128939,0.114836353755801,0.20306213930015,0.124922384599042,0.0316546128116942,-0.0798696200748854,0.00198562484567244,0.0556200179349116,-0.015760116137893,0.123398407620711,0.11688279728314,0.0663272666247945,-0.103738316331384,0.17144772744261,-0.181635601119962,-0.0464853263873436,-0.0120211924897865,-0.12287417217821,0.18070146314486,0.0318860152750049,-0.124969089086275,0.0778662769988044,0.00215083430754022,0.0694431808096422,-0.0508334097688707,0.0993632769322218,-0.029097805509846,0.134185126079999,-0.493563113859062,-0.192961229910868,0.0854564031814344,-0.0942099797375471,-0.0185840451667838,-0.00792492845886491,-0.00296106276785746,-0.00942655811620611,0.114111886032177,0.0133406297012103,-0.0195152632008055,-0.187937293963032,-0.0410948964198031,-0.0286073280938928,0.0263178097921525,0.133058522769307,-0.0119017162604251,0.0311860142034284,-0.0298804809410792,-0.0402172451535554,-0.0778284211949741,0.125825050181318,-0.0317897584492311,0.051205278122856,-0.0178529801620641,-0.0450080368629108,0.0941416310728126,0.0326155679291604,0.0191302665126433,-0.0250262902871209,0.025658281376787,-0.0318615619299259,-0.00255697642673437,0.00883701162719823,-0.0255474015335607,0.0233196513149751,-0.0102624735730854,0.0325727986039566,0.0278657655247155,0.0211574986378627,-0.00356032644801739,0.059245635643405,0.0433605451960989,0.0540879348968892,0.013361454930809,0.0191836474048288,-0.0267380885188159,-0.0350451175414835,-0.0807826234792317,-0.0277837316267855,-0.0927731282406166,0.0443115331310735,-0.00987464440851824,-0.0210123380296686,-0.0693410866101984,0.0392187232401989,0.0239285278472862,-0.0904261097153969,0.00750177747356997,0.0488291333907258,-0.0929042171124618,0.0231146571345891,0.0561178284163586,-0.0385351749482096,0.0119639494005566,0.0302609711401387,0.0056698402938239,0.0291004565107881,-0.00228943475863483,-0.00667809635100404,0.0546433698897904,-0.021596897969582,0.0117621566199358,0.0113167459819666,0.0101518732477668,0.00722427721684523,-0.0368234052872049,0.0426024928406387,0.113055499359112,-0.0762963226757067,-0.046936817665731,0.025859271003022,0.00123529356853469
-0.175561461896173,-0.0426544286609995,-0.0829904502306147,0.176320398891821,-0.0106566210458786,-0.196143654160627,-0.506219542020578,-0.261852670561915,-0.0283914094717052,0.0257720220349637,0.535725168203536,0.0236297051186054,0.376237371154881,-0.0524812375486202,0.0172016185592613,0.284186289946703,-0.307517211193637,-0.0788119305720846,-0.0353492431807373,0.216757619989252,0.0382785791854563,0.249956366236431,-0.110420054145607,-0.0545375089506385,0.0110267982508341,-0.0119865882201686,-0.137783582319438,0.181776452619422,0.00533948380050606,0.327949602740974,0.0577079141861207,-0.0694289560910183,-0.147414485062907,-0.00787052981058444,-0.178695712970819,-0.0338904800749338,0.193015667297417,0.118139149408017,-0.211312183997082,0.0237666030965076,-0.333865221777277,0.0824591426499755,-0.104312222176448,0.0820204558064972,-0.277690830091595,-0.0522785748721505,0.0800299487968249,0.189389632814165,0.148357525986027,-0.0161374021051335,-0.0508007250792143,0.00726428527687721,-0.04893291752681,0.0920517046592531,0.168016115229291,0.267228257238718,-0.0830283389502229,-0.0320501304867353,-0.167894804708669,-0.0340397009875717,-0.0814025174948161,0.0308598815904085,-0.177937130899916,0.127997134932029,0.0420605543200187,-0.147316093789351,0.0157660468783104,-0.0807438327483268,0.0880841308368757,-0.124345980555048,0.109189121945179,0.0290418996050176,0.0326016751243651,-0.130328021085106,-0.00391018116466056,0.169823696628822,-0.0967034049633464,-0.0504255031654242,0.0206113140333845,0.00232911014929591,-0.0420859449986892,0.125392314698593,-0.0019688354858842,-0.0203217814083913,-0.0178132223137665,0.00133796103586543,-0.0862394343160962,0.015461421869978,0.0311075718215764,0.0343257851060716,0.00802662353725859,0.00145224274259054,0.0120730192081717,-0.105141981172241,0.0154137198289268,-0.0228840581493192,0.0604423142096894,-0.0220682057995473,-0.0306768292422148,0.0407350717936712,0.00732706136378684,0.0294847163360485,-0.0113402526381676,0.0280802042809661,-0.0355619388413654,0.006542265043882,0.067125797321214,-0.0144755702249975,-0.00100444169096425,0.033219651050968,0.0400362254186926,-0.0273708783593423,0.0256584565629518,-0.00792784331101616,0.0589602324836141,0.0402496883009529,0.0433201496917195,-0.0259166259124575,0.0703458526853369,-0.0358249186299094,-0.074929178236029,-0.098180118018826,-0.0266648068895875,-0.0772256011829522,0.033298174670944,-0.0523638570891015,0.0142748861326501,0.062641156489267,0.0371674502465107,0.0346811879867791,-0.0455388463335379,-0.00873381059452703,0.0456017464625559,-0.0332874094540351,0.0201952132015437,0.0538883945286069,-0.162493989832633,0.033198287136636,0.00656321148362764,0.000940585312966859,0.0821095145201138,-0.0248756477070782,-0.0251875035845235,-0.00741635397626153,0.0481780139300296,0.0197421782904859,0.0666850865817572,0.00934527397467406,0.00356765100989522,-0.0865919681864127,0.0783534378540216,0.0477415209777536,-0.0484256925129645,-0.0202170798353324,0.0306552313910469,-0.00142715533353819
0.055138891280923,-0.0231675702897933,-0.063870346402875,0.489164845444447,-0.165724548058774,-0.194632557001283,-1.11371694829979,-0.159869361462035,-0.0427719546059885,0.0550510386601161,0.516468767645424,-0.127678522986401,0.407773214343703,-0.0784634044075052,0.174615642273094,0.386593445876119,-0.52856222867976,0.0852712192445282,-0.00576181726601478,0.383256586396903,0.134086314538733,0.193690012943088,0.00920864476170448,0.147818346223818,0.0411358307884702,-0.255005631595986,-0.553740974792146,0.27832618624949,-0.225853323918644,0.224667060816131,0.0416855737148953,0.0283716567808995,0.366044698014283,0.0687525390362352,-0.202743647633199,-0.0963566052849223,0.454977651426976,0.116065915271088,-0.35313643807544,-0.0703550553200433,-0.317031323525912,0.0759906504350255,-0.40507370973791,0.233348269983875,-0.136106555217026,-0.2047134777687,0.094700619922112,0.31344660621729,0.0405934692357885,0.0598646460104116,-0.108430873710319,-0.0521837071412798,-0.283665979324093,0.13247843016215,-0.277606301292044,0.280744051928308,-0.0204589279756251,-0.278137332699208,0.0595680331490496,-0.0758227440366167,-0.0254401385871528,-0.00898406929480851,-0.305578539905545,0.153929696910736,0.333194752723445,0.0460501699110037,0.0513350629756711,-0.00568085604670466,0.402814629669895,0.0441525010764935,0.127136959698261,-0.0726037066143301,0.0621870745622193,-0.258078826100354,-0.0185710525152656,0.18318007902811,-0.176610627095385,-0.150557309066588,0.0741107434565571,-0.00543579620388257,0.0505463812987415,0.12419982853384,0.042891239442696,0.0278805464808589,-0.14782401377326,-0.0832873851350333,-0.0352182422952776,0.0170796929636422,0.0942243487803288,0.0067093007733441,0.0171632571165927,-0.00886944362210566,-0.0380056531497326,-0.118678555716739,0.0371324409230256,-0.0516568393024553,0.0918752871181407,-0.0620899345469221,-0.00891527157878184,0.0535052462395127,0.0553569256263386,0.0554143030627135,-0.0416686677885897,0.0494510093944293,-0.0847209884662056,-0.0144540427861455,0.0745791741730899,-0.0453000975953649,0.0474757188717398,-0.00551007624991091,-0.0507260518401126,-0.0233580514769965,0.0387232166955402,0.0108460571581314,0.182849937989428,0.113286382781834,0.0661666798112765,-0.0282534083877697,0.0527430609892163,-0.0139588987838939,-0.0787413536668987,-0.195701086014639,0.00396846153459938,-0.158033039787543,0.0692030744502508,0.0340359711020459,-0.0490690344609929,-0.00973834793607663,0.0272232975911007,0.0399957774123854,-0.0487478877501436,-0.00310741400857331,0.0104448219354143,-0.019246192053154,0.0253964179934596,0.104966963811169,-0.140138843351339,-0.037617761755704,0.0306205752223138,0.0418626168440702,0.168475306890057,0.0416626254634854,-0.0481423063591607,0.00404755964511586,0.0404832606572374,-0.0306668321844517,-0.000755346186610276,-0.0771807263388173,-0.0156855842411839,-0.0175546586342067,0.0385577496186981,0.0434565863877882,0.012580299373259,-0.00766876908609308,0.0075507603198899,0.0435357334404638
