"";"V1";"V2";"V3";"V4";"V5";"V6";"V7";"V8";"V9";"V10";"V11";"V12";"V13"
"1";0,653716532946326;0,961313856066039;-0,871679763691732;-0,622326267037442;-0,152943738957941;-0,359933240527663;-0,381996727776091;1,7147749541686;0,978924858533138;0,337798780123144;-0,222181688055094;0,173461420229521;-0,216870447867418
"2";2,94775985446445;0,120894457964244;1,90266951506524;1,95302095763937;1,16528080035868;-1,20132109210121;-0,0358733302635608;0,743772395630596;-0,296158091251003;0,994120157005202;-0,467918050594697;-0,282993984615449;1,05690652048597
"3";1,93754713983935;0,886216732686502;-0,0358866000963251;-1,38346355286263;0,927995800831043;0,519602842337973;-0,620465143941278;-0,995817131311336;-0,187519820822645;-1,45132142927345;-0,306234968615684;-0,197346015464879;-0,475710521046747
"4";1,11051467011495;0,367122040058133;-1,83742296773942;-1,38531165722505;1,3746616034801;1,1521204735944;-1,63769158576255;0,529499541565789;-1,91006379016389;0,371729061462316;0,311676410125299;3,52559175085228;-0,825697226623241
"5";1,24724557342028;2,01515383599295;1,76827700509254;-0,0688305201711828;0,202971976732489;1,84136703702722;0,869070310755012;-0,906025223697877;-2,28776669189696;1,35289459664588;-0,267540616114596;-0,110672840176459;-0,494461999141704
"6";-0,0936684739404774;1,03751457577149;0,664564141996717;0,336965865913549;1,35359017026355;2,21415681822179;0,833147093265769;-1,2116701305382;-2,14149661183712;1,15772673567507;0,89455639710768;0,0194701518815867;2,48824375444218
"7";0,836911298073516;-0,671817737781324;0,921797476103685;0,84097983676276;-1,2757948209208;1,56728553891414;-0,0543777913609709;0,342667023764482;0,501400735001317;1,6220655495409;-0,897418283091425;1,86231231409506;-0,886805855934792
"8";1,69511693998041;-0,560602280716688;0,261518863095106;-0,81431709296095;0,478259165212484;0,589512046928308;0,364398181458764;2,38564015008787;1,00504907576994;1,01171920909993;-0,942062253571131;0,105138643086277;0,438557922887098
"9";-0,272457682925388;-0,00148949400692324;0,933411862333929;0,679722541443567;-0,694777780870249;-0,610055166502267;-0,453283085972741;0,202130188730074;-1,00785856803893;1,5773161433372;-0,622501072959353;-0,425623227071693;2,08327688356661
"10";0,99979315038325;-0,0969659738540257;0,507078457086974;-1,0668424061639;0,187675480973943;0,658925254570946;0,448737125122589;1,38509740049953;-1,96896753931139;0,448441021266343;2,2413889780855;-1,85625257544447;-0,280296248222784
"11";-1,04860175309304;0,459162680284868;-0,564532697720707;-1,50927941823084;-1,8662849372961;0,526113198604462;-0,936689683126817;-0,300062750030388;-0,603907815451676;1,53822017835175;0,0403703653009401;0,28366351210542;-0,840482798030124
"12";0,492730016930109;-0,0660881327900693;-0,616840250114838;0,0271523279443411;-1,41004021727985;0,69570363067389;0,347325832049434;-0,641759309384106;0,245533546934327;-0,851914124810086;-1,86427943038299;0,877933448966455;-0,200939303604236
"13";0,394217521192059;0,824210053388019;-1,33422129367961;0,18309944684927;-0,890149745186978;-0,839298737464374;0,0768078517454778;-1,98002933664782;0,55633129544419;1,70489854285836;-0,688187490087589;1,08493331297212;-0,782259588953072
"14";-0,336490180540127;-0,199132788384903;1,61107931119554;0,899961937201776;0,190477281498547;0,386364069087091;-0,0664863922984007;2,29022902743396;0,314106546795007;-0,109200402998016;-2,00831305489236;2,20522971741623;1,42039397589598
"15";0,517579166381464;-2,14341557384572;0,0787600572875472;0,169178503853273;0,387831190909652;1,07235502110913;-0,0758152390097701;0,194160814585655;-1,70480341032999;-0,28163193811228;0,730641682066965;0,433511981443624;0,955607080057318
"16";-0,316723756521378;0,492901920014803;-0,603365272475415;0,967295700523792;-0,977145756841215;-0,206983398012573;-0,35990874409484;-0,508674304843859;0,832893909214905;-0,51641396037601;-0,494738787403922;-1,44035361544352;-0,133555057287583
"17";0,291212899833924;0,429402559025794;-1,14749458951333;-1,12598435834076;1,16617478775171;-0,501261221370594;1,69212387824009;-0,485609041981656;0,296573293515999;1,0163082446187;1,27103377621421;-1,53946556129237;-0,374647896788588
"18";-0,362050691000513;0,36122687884267;-1,02963087887079;-0,837869557826927;-0,729740138053416;-0,358141282572463;-0,906520450446828;-0,986259283839739;-0,868486901219253;-2,37504031307187;-0,691147212389909;0,397725342172882;-2,05051365889339
"19";1,72705904655627;1,1542573697241;1,02087150220514;-0,634358843987556;-0,621726852319105;-0,663628085914011;0,270923433593762;-0,773708226707434;-0,0751629100296896;0,258059756823721;0,252078449736594;1,18616716009653;1,24329781675674
"20";0,613867719615507;1,1227854492648;-0,369957625810972;0,876665487674125;0,040152592489434;0,297530908480986;-0,375746094907012;1,35930926300513;1,50344112923734;0,0221593323689786;2,0869003496932;0,353137214668927;1,23236578907249
"21";0,739475838846016;0,988332619068388;0,43639552918986;1,47093137008894;0,678665789396087;0,688003173897165;-0,716512486097887;0,399781680741095;-2,22166116291737;0,910352769743533;1,01192207677674;-1,11268329393653;1,2958056294429
"22";-0,151113284619453;-0,693556725243861;-0,929113107219256;1,81219760997665;-0,885347863340278;-0,835761721401103;0,86500185404748;0,0512117227507179;0,718167337331791;-0,414181400427256;0,661587346548339;-0,861773711826553;0,901718708445572
"23";0,918151328714933;-1,94653707127074;0,074917633988977;0,294580597809169;1,32426896570927;1,36813126115525;-0,786164077724274;1,94716643991269;0,575927597283273;-0,630888309044329;-1,52070952346533;1,06401510574204;-1,15998591358112
"24";0,656047617517468;0,103715554617476;-0,348338171971212;-0,445962501290629;-0,726180366652965;-0,484229926441063;-1,64254363578062;-0,704914548312244;-1,04481042207117;-0,608320366984616;0,37910173644831;-1,03446101067525;-0,511444850821973
"25";-0,917273280244719;-1,09350002288614;-0,745819023747955;1,51539578725624;0,974707403290737;-0,428173487999749;0,539736322144913;0,502713423024634;-0,642481653787933;1,94270982336865;0,321068285540923;0,61547536251318;-1,38754834835682
"26";0,144224868199341;0,40168830812259;-1,71701186187203;0,489184466400687;-0,187100834728073;-0,349934170572268;0,118967545258907;-1,66984582944568;0,59665130074868;1,23644978166137;0,646419937719069;-2,08407601542683;-1,27129207581422
"27";0,659610071392237;0,879194935066146;0,19370831534313;-0,401130277024141;-0,431163993712972;-1,36512288554856;-0,632719673455203;0,27437888161044;1,80896538634097;1,72844259168023;1,10153512415279;0,179938483434056;1,56484701378087
"28";1,49662326257824;-0,199112015005532;0,881610389428154;0,214609199468361;-1,20383967211381;-0,53549257634993;-1,68097796150449;0,534306551980907;0,0217772967232653;-0,284815362715246;-0,11231334162312;1,22265906384563;1,18648496469808
"29";0,327937074339017;-0,359078261833323;-1,9036152083239;-0,80450344936589;1,3182816110161;1,36665742623618;0,123107566596363;-0,553508003560476;-0,663301072602022;0,689737455316159;0,0910354982017854;0,767937738337608;0,0643893159824726
"30";0,309713473073116;-0,727060038347698;-1,00210743145734;0,299734170935477;-1,1228318867917;-0,393198072227104;-0,84756870390573;-0,505489657757549;-0,0170162277610944;-0,400173983216582;0,530551080501538;0,313450002781721;-1,78672134333543
"31";0,23187846924157;-0,163372002206141;0,71043697864106;2,67136640806424;-0,64702191193281;3,45629435096679;0,269057546558056;-0,542849487315414;-1,46710073606632;-0,176538543365854;-0,199705499295047;-1,13990459088079;-1,10723828822503
"32";-0,537935740033221;1,19036593909197;-0,282379714989419;1,34371600742778;-0,629508995779778;-0,579317494350822;-0,265929425692218;0,593111302942923;-1,0205131473605;-1,29322011303852;-0,955436168388507;1,61361202954272;0,209999564190382
"33";0,377283896822754;1,63515444463079;-1,35667367522881;0,471952314202075;1,39889509678261;-0,282695474792432;1,1058633918922;-0,287717777016983;-0,98483695786345;1,06660542711407;1,63750508654349;0,854166329591253;-1,24414916255991
"34";-0,354489317266384;-1,64389778554623;-0,890642574686152;-0,185721879556402;-0,338617038542763;-1,10995139364012;-0,145506575205762;0,620887904940469;0,122188872285468;0,0195695544608965;-0,628518045742152;-0,125508469804377;-0,385730771319777
"35";-1,23989676555171;0,310876813145975;-0,201381820657128;-0,547420134648228;-1,60269156123119;-1,79258781356405;-1,40353851639533;0,327438695743678;0,267638315257863;0,705511704719562;-1,39674881233359;0,0325071322595277;-1,40169020947077
"36";0,638379772983436;-1,00929139343584;-0,733906615928605;1,79884537340506;2,18171240932162;0,345550037016024;0,195991231542955;2,05419494738219;1,38826860817592;-0,850822061903387;-0,973914002483914;0,037108812182043;0,733631389768222
"37";1,27712912932942;0,073803285231961;0,863852455946584;0,49029751785482;1,5959900494126;1,25180822783178;-1,36657646601847;0,708605322636653;0,460492239660862;-1,08066494761068;-0,338172575528017;-0,0909930821204149;-1,71523197158272
"38";-1,97834310600228;1,46443490075645;0,395825211352721;1,21745238394932;2,12512345710769;-0,537447245088266;0,748475549400254;-0,00717427521986924;0,279457427301658;0,798311161531855;-1,60048754575498;1,01377771653252;-1,18113507286723
"39";-0,0560036920480478;0,661271267233195;-0,600643058707112;0,192642151129763;0,587637629055655;-0,455399672235352;-0,231858190217527;-1,22340232024735;-1,18773202719018;-0,272209879703714;-0,921305949896093;-2,16124266214104;0,84606555273209
"40";0,0524216374002356;0,0445702174511623;0,249921261065319;0,12222544019177;-0,3031454163252;-0,0539395674364992;-1,77881273805416;0,590824248028087;-0,694377188282509;1,66445629483508;-0,821689953682181;-0,0941620914969988;-0,955196041603502
"41";2,06769302344159;-1,37149981789746;-0,418074396613188;0,848246574929728;-0,928934961504878;0,931299073984802;-0,629003365926865;0,995847199530678;-1,49746878861949;0,530035693115389;-0,250315283496501;1,58000832641745;-0,573906870756496
"42";-0,0477185438113623;-0,910350733562786;0,411821641502573;-0,905966097400359;-1,40652799914996;0,131163747344268;0,755769859102122;-1,95957458991261;-1,0724643175248;0,289329714244806;-0,366967670568125;1,02938622982963;-0,615727296866027
"43";1,82938849769146;-0,703949004350308;1,6704377679755;-1,68494893929498;0,890748823857566;-0,747705536781413;-1,30578602217888;-0,190948409065064;-0,63965698163296;0,686887971621812;1,14097968213876;1,34245903375927;-0,391481089287947
"44";-0,36941897309534;-0,924725460015182;-0,88224259862762;0,743522919487365;-0,880345682606062;-0,751929522076641;0,517985329340001;-2,22395805256492;-0,327194933464705;-1,62687085371502;-0,304673883029553;0,00223329559527296;-0,104306329037764
"45";-0,0528300455115119;1,20613192193245;-0,249431056640799;0,201975966279861;-1,29967519266077;0,151369435270711;0,00358613796261152;0,168340211743978;1,21049949005138;1,00160051044446;0,687590425968401;0,921109071571998;0,329194172525221
"46";-0,664110949488177;1,71129542869825;-0,322478322351907;0,920981046657207;1,37683934747247;-0,0734692582378026;1,2206549090616;2,15327322827356;0,826288757463535;0,579687096908939;0,836773532093029;-1,18298641798776;1,74996653384348
"47";0,586062949403549;0,118716456542134;0,961659329331823;0,693199258253876;-1,67305441355166;-0,680218261456068;-0,857122788896245;-0,484324725588943;-1,44097723828605;-0,264777766344319;0,599288913607043;1,43638725046288;-0,720514840065401
"48";1,0363537171839;-0,550210763989622;-1,33240606083634;-0,303841504973485;0,367988612754174;-0,0213771575478614;-0,932257125375098;-1,75395804339535;0,476286571880898;-0,691831902215077;0,61357201265617;-1,94086073260622;0,564844502575421
"49";1,37087166678109;0,204681904362205;-0,019978234072953;0,114963713670139;-0,186318512346483;2,09156966067185;0,237620757768189;-0,552610659374567;-0,796707357803919;-0,119583612996134;0,951416934179277;-0,789161281072289;0,376722642707288
"50";0,0728331340970039;-1,8435070833081;0,903984254755372;0,594347565291266;0,195731140349882;1,3998513074619;-0,575540983061158;0,284896739317646;0,947164150089;3,10819125614829;-0,465994977202672;-1,43535755520977;-0,364169624959823
"51";-0,366167423923678;-0,436308685766217;0,218885337837642;0,0437187181934203;-0,66827942503987;0,560601472191362;0,476433859246618;-1,5802597332733;0,844155200741579;0,526169603804326;-0,151971133982556;0,559988377690645;2,93853681160903
"52";0,992726392004877;0,093420991206576;-1,03391917374657;0,517090927774398;-1,0079960140173;1,19102977357817;-1,45521099863651;-0,682253667160679;0,438265388531426;-0,599718749908152;-2,36468173616061;-1,47145462849212;-0,648600284970476
"53";0,427183174071085;-0,184274213734686;0,152851265758446;1,714713853618;0,59917668407236;0,0114819278903156;-0,147785412800793;0,457920435334899;-0,545958819174223;0,789536237843447;-1,45894619358317;0,878056629046462;0,165655004237599
"54";-1,21895501537347;-0,443434869487385;-2,31698750561771;-0,189506805269164;-1,19727128060523;0,934991058857273;0,132803479212172;0,69155761522381;1,34106465994869;-1,45931699917213;0,0113305008678985;-1,56368520763205;-0,132564860401868
"55";-1,87031810880207;-1,5998173270604;-0,317417271718299;-0,22191120499132;0,373605848455421;-0,136308855281771;-2,3013707949929;-0,0526018807685561;2,8881268715879;-0,953709101198174;0,600399361251239;-1,87183454688803;0,502185453781656
"56";2,0083675990397;-0,487451084908125;1,15891825599301;0,0325572465921549;1,67299148645835;1,68923427564382;0,123023432258379;-1,35174566054732;0,971406753777036;-1,57665063140056;-0,847471490053245;-0,0247461034399522;0,525175158596956
"57";-0,385213434415089;-1,00294503606075;0,0937278945588335;0,143057354278481;1,16944145457797;-1,47780288294196;0,794140050435734;1,37241932259277;-0,187914848398006;0,913498308852445;0,838197263417074;-0,724520118406024;-0,273680677605336
"58";-1,23148740960995;1,99412442470387;0,0635715173789609;0,492884899656489;0,436594419134239;-0,0397569784339897;-0,22245956634882;1,01467311640668;-0,689980122406351;-2,56012361459934;-0,440547030753884;-1,3656937316991;1,16728927056299
"59";0,534657982684852;1,34152154128138;-0,700782473912576;-0,745263454227428;-0,390189134397965;0,830664390428993;-0,236988688656153;-0,0561162796244702;-2,01917219736549;0,382950461545997;0,464554355885004;-1,02915437382747;2,22069412598224
"60";0,402929836894066;1,40611123445314;-0,433642552327358;-0,123382150858618;0,43048228757134;-0,154059724073274;-0,322194224132297;1,40724230497261;1,17752685404842;-1,28012034645599;-0,553353760082995;1,34845894539002;0,0730502902422302
"61";1,46362086524877;-0,392028276774329;-0,289396012254451;1,2525518373472;1,50577964426726;-1,72686507652959;-1,9170954877418;-0,744325147604437;-2,31139271682143;-0,614197627121886;-0,930881588800173;1,36615010063984;-0,370483482586285
"62";1,10401588373166;-0,478970303933301;0,624652740501224;-1,14252060670688;1,15972082303375;-1,71840760457416;-1,89726616013537;0,418455488620151;0,616956450079662;-1,61022630188988;-0,854133912106591;0,306315054619529;-0,706455365751972
"63";0,104470446135992;0,243210347947012;-2,32211227372997;-2,61799680465343;-1,18414878262212;0,818824003178651;-0,179488334734788;-2,86053456152397;-0,0393434515282998;1,89199688054157;-0,544856891839279;0,0620045066011339;1,18700676043474
"64";-0,738795685967721;2,17572870356108;0,534330661766622;2,00867869419553;0,352580156178894;-0,852390118440489;-0,215243258339686;0,281367117694422;-0,00285870958147781;-0,418015191659257;0,928631550004239;-0,379804620203283;0,270191832706771
"65";0,142091675251369;0,340003467359539;2,54675318260269;-0,182052931876817;0,252980290025077;-0,0734165251403487;-2,09827810094512;0,78313635403023;-1,71171430150806;0,0919463432382644;-0,841455623946745;-0,99148786683228;-1,36425980213439
"66";0,409181112872177;1,11235335655426;2,39746347296512;-0,0625890254327275;1,48640183197536;0,183849668645825;-0,345320609842473;-0,580844499507231;0,730822004465143;1,08848969677476;0,357605234134631;-0,284818396141615;-0,0382451804308208
"67";1,2531381992702;0,647493881153585;-0,0153840235071328;0,0590836966161275;-1,48507743022583;1,34369814729249;-0,589291219418545;-1,10473969607746;0,0194667086393571;-0,888323353301069;-1,88342214874303;-0,624705316326483;1,37505355034787
"68";0,557895675808886;0,1851699964129;0,214073614840606;-1,9282676129545;0,127522177244519;0,216612151530139;-0,822388997811206;-0,0162586856255274;-0,220445494831905;-0,19312442660727;-0,730139895946433;0,190583192345895;1,69011419447079
"69";-2,47263340231589;-0,136910367575837;0,896463692073225;1,11286567124362;-0,234484385497017;-1,23191651158047;-0,537493628198319;-0,102094825082831;-0,640431174653046;1,42686273287707;-0,662242938157441;2,98149911868821;-1,68815485951053
"70";-0,616482347084575;-1,72350157543578;0,5692462027501;0,158252194700452;1,12788303938788;1,65625410024219;0,289699472317457;-0,0486327100235868;-0,437474452221115;-2,81372900581618;1,5517577423944;1,71110749049327;0,103283484996572
"71";-0,321337749379079;0,163248633828698;0,263875829618174;-1,53685205321989;-1,24808318940895;-1,00857349791222;1,36615785103288;-0,757259167700778;0,681322201493602;-0,358351312468941;-0,442008989838201;-0,513826510535336;1,02294923861607
"72";1,38673925798995;-0,505043952125424;-0,057102571216223;-0,173206602355914;0,159591563775304;1,85391736376991;-0,88939787775052;0,062079627779671;-0,596331364664237;-0,532933924849245;0,00610578228940124;0,648476833826669;0,916117445398239
"73";0,084724590873558;-0,613759336672228;1,22868242480817;1,47117889658414;0,0912181285585478;1,30683426317117;-0,215882470422368;2,36844304254013;0,519019260360384;-0,071369254512838;0,278343299209609;2,33178194572985;0,0160175028930638
"74";-0,328659000108744;-0,0786342862220494;-0,141990851847979;1,49119782100062;0,318923490269177;-0,42024251171718;-1,28831242160306;-0,668919515745753;-1,12895009304741;0,351706060066157;-0,138324735704952;0,0260602082445513;0,193932623198602
"75";-1,2315772636906;0,184176785846334;-1,10049769875667;1,60589266270953;-0,328990130638923;-0,886521788474723;-1,09255490774451;0,21271397660509;0,147657794540726;0,603494328626976;-0,239218343823094;-1,32196959696654;2,20935428978765
"76";0,529223693060099;0,626547053945193;-0,373844269577612;-0,371206884643579;2,15931497233056;1,17983263959063;-0,45317265312627;-0,51267454875915;0,693852830868336;2,29305631645379;1,2504344983742;0,280670885743843;0,322081385365026
"77";-1,22962541536805;1,13214878542336;1,10914959858156;0,311452466944214;-0,371162381620014;1,72810752794578;-0,462870299128982;-1,10598137650558;-0,684788796195157;-0,488105175290928;0,530778369170349;-1,3582848365597;-0,390542047430192
"78";1,14588812249088;-1,55261460022647;-0,164274398059243;-1,60416035902708;-1,14590373506498;0,571180461105446;-1,43096253720059;-0,386804734774742;0,0884837764006693;-1,66187535486594;-1,02030255212096;2,20587263669899;-1,1663613195698
"79";0,208737973719508;-0,32957543376895;-0,407593310617985;1,48985988949434;0,0463956614459718;0,156959968938386;1,50099719505025;-0,272299913888692;0,857057060631248;-1,49021190987791;-0,0884087703728029;0,0846077959108212;1,28417694501413
"80";0,364018853034758;1,7782275788353;0,396406513023617;-2,04392372626098;0,102484983577836;-0,313926651033714;0,453486675927896;-0,233504766480863;1,33665924800644;0,148751463586964;-0,18279323045761;0,8210123323425;-0,654395769676272
"81";-1,40839036228067;-1,88950849272325;2,36456160863755;1,1149766271484;0,41598294075568;0,458777957656487;0,698600059622322;-0,454462288224106;-2,49722581736904;-0,0807786466331814;-1,12115034048192;1,75581201481799;-0,635493331095841
"82";0,596664202464344;-0,607066273803933;0,730642728389705;1,40926797215205;-0,206170150562134;0,52623693265082;-1,39798263092532;-1,18720778180241;0,77665850273372;0,110743896833201;-0,726588588580648;-0,417670623083251;-1,40470955454968
"83";-2,84474844378605;0,649940932266466;0,929142208808087;-0,0312828480159361;0,00960717269888287;0,241612884653128;0,359251443567823;-0,143381821577961;0,224358812153944;-0,832864951319314;0,198425380193006;-1,25478055823173;0,362061321682952
"84";-0,255350456088352;1,79160915939319;-2,43401197970549;1,61381861046034;-1,01256149760662;-0,0861840498841069;-0,132488937353047;0,93948456182099;-0,993445291511358;0,064907488885726;0,643996101399483;0,951143764136493;0,554375770258345
"85";0,564502929783938;0,494572068077018;-0,430155927003999;-0,322563238205165;1,44045750767522;0,081304734031025;-0,789203620188138;2,39654409321251;-0,26768479099616;-1,19355205246944;-0,057883491068246;-2,32171584545185;0,169508615133709
"86";0,582272428801011;1,01413867148618;-1,5671661532515;1,87272989713829;0,827498007863454;0,182941334745721;0,376330861268716;-0,064379804119346;-1,96360846260741;-0,251361585497649;-1,11651586049902;-0,157033145470262;-0,330759098115639
"87";-1,58907702513708;0,629645987288981;-0,177046102442553;0,121900468113046;-0,831567331782717;-0,0511224845816557;-1,1197746285236;-0,746147981810485;0,690806634766951;1,41762978084393;-0,118731410091791;-0,392295194719038;0,227345410427656
"88";1,33892568670395;0,976444220234767;-1,54330038035845;1,17349627836989;1,90576826970373;1,14517508472802;0,218341084129284;1,92221298983491;0,0262063490246971;1,572669274498;-0,0850209481527055;0,924659586382568;1,13291074953888
"89";-0,551349575478782;-0,708105224658214;-0,196046160975818;0,62959555765215;0,762456880193759;0,687584355095036;-0,911201201480529;-1,06335355294982;-0,778743054297595;1,83571629514618;-0,122096822902727;2,10666440638624;0,438264384923909
"90";1,99405833460217;-0,573493483825606;1,41932444982098;-1,15825324546915;1,02800244204515;-0,867731147211062;-0,727762296970761;1,37143120051792;1,98277165394915;0,0541479461102181;1,86076599711788;-0,559812116334992;0,599413023888263
"91";-0,562496195643015;0,620097549982926;-1,19795831640499;0,00913430575761329;1,04869459372151;-1,85528958594905;0,583833468019371;-0,820274842269452;0,17902911294337;-0,0561610977693906;1,47616397592795;-1,97444780827954;0,112374791983219
"92";1,1209144101357;0,0918085121185461;-0,626533600783728;0,706010551524156;0,562454678395165;2,51431902497878;-0,785278801372294;0,954810666124574;-0,32118833923257;-0,370055331954925;-0,792955384232635;0,280530813876756;2,14593802207274
"93";-2,03285989940569;0,306672572317811;-1,95982955429116;0,618593910860044;-1,51130057758252;0,709053836555559;-0,577663078584941;-0,546183917484986;0,0671345942947451;-0,146102660382769;0,128065781422843;0,970423746424532;-2,456607995123
"94";-0,706247082863986;-0,570940802609847;0,448755092353853;-0,0241739845798833;2,00985082961611;-1,24428399582118;-0,467700908118054;-1,51645774829816;-0,469344953251573;-0,757695835755263;0,616536408231753;0,311284757366106;1,42136686353026
"95";-0,359765512924392;0,856559099000453;1,49787556887246;-0,0564898374933592;0,665354960572858;-1,43708772732565;0,32684220118933;1,07147915043553;1,27575546363469;-1,13723726702292;-0,707097007463781;0,336545045938173;0,34519811579327
"96";-0,14795185065897;0,287986893989882;-0,172648921074332;2,17625542038969;-0,832604547684249;1,24183342268154;-2,34054388432298;-0,987157830876315;-0,593634304341673;1,83275344854388;0,335061393753337;0,0740242140224585;-0,176661629414585
"97";1,19069063463045;-1,21180220614815;0,666990200202588;-0,487367984752715;-0,0721079431113033;0,158965049213955;-1,14458581565935;0,479505490189825;-0,806513477745632;0,056832503283228;-1,86700023908287;-0,243888447343182;-1,10086742796401
"98";-1,4618585897307;-0,156937983619996;-1,86641087788511;0,304296395665531;1,89198918221423;0,956547559536081;0,320082708985257;-0,583403486838612;-0,0887392982401962;0,720844113178853;1,7463814253866;0,502531547494459;-0,20031689237934
"99";-1,1492262861016;0,0681198795458623;-1,10981279318055;-0,545459643399156;0,0032518374862115;-0,937222094401943;1,16332275861675;-1,14119570242311;-0,611734251244556;1,07692048556666;0,200594075161019;-1,22429262989523;-0,2232826778581
"100";0,419308510079621;0,797728753539858;-0,621209261747402;0,459027492351279;0,449884230808742;0,276347195447155;-1,10773046980199;0,0600927883436919;-1,39734548478117;-1,78867800093813;-0,778230292849218;0,596250646458631;-1,19426920333939
"101";0,733407473519204;2,22987931256664;2,43559504501785;-1,15654543476308;-0,566590636135713;-0,0159906106030409;-1,69582018079362;0,689023889868433;0,0459826778090905;-0,198007180122071;1,37342912574374;-0,0960667378358819;0,884469446599419
"102";-0,758310214203422;0,0209733658650822;-0,966849228504232;-1,34774479860986;-0,598032986019965;0,21038005230546;-1,51710314300945;0,74934809465802;0,165415277716267;0,246508656020275;-0,717970335361897;1,6142068588635;-0,71209569370485
"103";0,538100765175513;-2,5268076305756;0,877454639044804;-0,910742749110926;0,5609991603299;-0,944612007332964;-0,688857024140224;-0,998141403028787;-0,146854993316869;0,0293821307768514;0,219979221707355;0,378500438512754;-0,178220599547256
"104";-1,21786982525682;0,496278073373197;-0,509155911346859;-0,383169733914669;1,64786874949033;-0,138513693757464;-0,369237764371135;1,03958293409009;-0,937752476075887;0,932923605806016;-1,45936289658954;-0,660988854194745;0,246605869072799
"105";-1,03788154144795;-0,777281467865551;0,0543424370898867;0,17282880695124;-0,258069058574154;-0,576441293147561;-0,232355331999513;0,486628109974634;0,0505508005409529;0,340497427155463;1,14326239357508;-0,866989201235623;0,955199744439763
"106";0,989217031407613;0,00456226593553445;0,235245684129086;0,0937991205642813;-0,932572913741807;-0,119077864531118;-1,42607447013356;-0,358761632769236;-0,166117581377881;1,27123725552915;0,0371169581898306;-0,201553119969747;0,156852616266696
"107";0,0120343761185621;-0,373535051311009;0,677821928197993;1,12369352849611;1,62477151774585;1,25994765809994;-0,205636769233963;0,506180260132056;-0,187088719013216;-0,12462113153442;-1,07030813966053;-1,383858979824;-0,147710492361813
"108";-0,807268484745522;0,199528530934038;-0,1211953942507;2,03547245893166;-0,38209466367119;-0,0708907065212107;-0,309022546331772;-0,402575561941361;1,93722062590216;0,392898252740612;0,415920339448044;1,86605225726117;-0,831334990218899
"109";0,58563436127695;0,0953000847960115;-0,211015590231551;0,130691964831894;-0,517006195396369;0,542352146582746;-1,72105399338276;0,518692569403918;0,620883532682973;0,671943402984794;-0,31451370615723;0,193123662599854;0,635250486770718
"110";1,3892666911305;-0,885533414605161;0,87553562178016;-0,0225324788863483;0,0419172910871813;1,22181643689052;0,749064228186082;1,08311433280291;1,4363559193418;0,301197316569449;0,463981270251722;0,475953302357679;1,56036913868015
"111";0,85414455042548;-1,01188883038528;0,931721447361573;0,0368167173428371;-0,599548030848649;0,331669631497386;0,908034084695194;-1,14735668575174;0,317481288183612;0,00480198912480331;-0,79651151486159;1,10266289587315;-0,534355786709962
"112";1,78100394554363;-0,492359208004973;-0,556229212038346;-0,249639055903497;0,230469505593366;1,04381483330643;-0,131537010585116;1,3478226982745;0,178105117351235;-0,526159119057917;0,0996228195994755;-1,27350069396322;-0,545972433588284
"113";1,66251376646379;0,0692292503836553;2,63273695646181;-3,14424690792354;0,874655461248715;0,943699135474919;-0,508893559936847;0,751017404645147;-0,151017751113303;-0,61386462785816;-0,892464948583766;1,89301254785413;0,513129170351416
"114";-0,200828093122857;0,709117415300458;0,42899612091273;1,24356592642033;1,06594637206924;-0,183275104920057;-0,879289528767805;-0,236716967623414;-1,42187746108912;3,15745604514861;-1,10061392311804;-0,0284021102833804;-1,94290073429318
"115";-0,850350866369586;-0,364241085517637;-0,735800090154576;-1,48966274231871;0,475122197350981;1,39539794878253;-1,09423156127621;0,689346248387896;-1,00075800205236;-1,83631214551957;-0,225524653284604;-0,370080055630339;-1,33147895205157
"116";-0,243665788622319;-0,158074782663078;1,31260203094235;-0,312023057712533;0,812741431782791;0,512754541736424;0,491462663819159;-0,153635828817872;-1,27866846492094;-0,434397595814879;-1,40735458874411;-0,387770186002561;-0,0841823353938969
"117";0,285027464929184;-1,33394646904164;0,0759356404901494;-0,86250145988698;-0,00738905559175956;0,857103833869621;0,971797187430196;0,764752393481744;-1,02907627260033;0,9295896296249;-0,616924891680541;0,632664533780193;-0,922429021162763
"118";-0,337328996581578;0,262112098613764;1,49962259845113;0,808828428038603;1,45128422377945;0,0213620564335328;0,657244934933757;0,0680040013980383;-0,103046304257202;-0,35387362211223;-1,26792897377417;1,62367941133006;-0,634003058568502
"119";-1,01068728146418;2,08022292351364;0,396162623871654;-0,373567276361621;1,44669142058282;-0,722127713470908;-1,64577744343376;-0,888133322934545;0,544924741205457;-1,77855117052553;-1,75013569317364;-1,53837049836249;-0,64343554543752
"120";0,392837255303468;0,1897482482172;0,538101179555102;0,15470875897469;1,50123532318494;0,993028732459453;-2,10148736611007;1,56553130025428;-1,20497693400012;0,179169379797479;-0,0157564089746809;1,13593630790311;0,392065652733126
"121";1,15125308340598;0,517992373466289;0,212081379517565;0,206455701106475;-0,492798920234124;0,99436080189323;-1,29608146768939;0,269719464526956;-0,082038815755188;0,445097408085348;-0,721254225139765;-1,08253012545096;-0,5139671941257
"122";-0,0580528912906536;1,11854497678364;-1,46650838824719;0,041217862638157;-1,48919958085487;-0,968724536446312;0,678361322317412;-0,155133468518136;1,93096234685017;-1,43649246877955;1,91946493257587;-2,28644650340786;1,09338969333855
"123";-0,273864620198142;1,00570320181609;0,710093281278662;0,284417603329619;-0,0814355355688566;-0,376261136179714;0,545428075127159;-0,841985055693305;-0,620496457776063;-0,86427770045405;-0,237383315225012;0,482149704364403;-0,192257053890278
"124";0,7641545080739;-0,995485658786447;0,172712084179746;-0,811571493942796;-1,37121590829575;1,53982647176433;1,49814370625956;0,57079907248449;-0,551203960375556;-1,03426158360005;-0,0675967881596242;0,614193223293809;0,199760026481728
"125";1,25570470914012;-0,554873671035441;-1,10755567183967;-1,83555761705165;-1,38734389184157;-0,263357952653949;-0,935119506758319;0,313132959837201;-0,758155673695135;1,50158437616496;0,583798287068921;-0,0272466737109843;-0,43947701068966
"126";-1,53522701393217;-0,0361004000705048;0,685909561443773;-0,217396031909665;-0,721619993067756;1,17966805693667;-0,682599213869897;-1,32396856821128;0,168208614651351;-1,09249962420294;-0,675407680920829;-1,30840320087332;0,266295828043737
"127";1,47032362979039;0,112981129192601;1,23761742314133;0,35010438883023;0,404282212959379;0,880559250817536;0,284309183019082;-0,368777917694003;-0,456943568961597;-0,289793878112925;0,265132372171166;-0,575632709644636;1,0622135675999
"128";0,0798782453396967;-0,949039456645037;-0,106980215552057;1,6519578868169;-0,416012565500114;-0,982082621752948;-0,0022567804784474;-0,922153091904852;-0,277455978281884;0,975165645057866;-1,41019939796305;0,104597084713613;1,36216115433114
"129";0,846565463591044;1,60857042314736;0,410342100987296;0,268932320674826;-1,0888798687219;0,071617110078362;2,22437623779285;0,132791921877298;1,21870010114574;-0,875019956728296;1,74310079414697;-0,949539249248668;0,402504766000433
"130";-0,297949905455013;0,390528532884377;0,777856285540243;0,871544033516886;1,34751882944565;0,621984762573515;-0,761439045649601;-1,0290683270457;-1,23481912763182;0,55963338807428;-0,431664114576827;-0,404431015478364;0,692197193760153
"131";-0,96320871795311;-0,451301792706815;-0,799161022628302;-0,834804031580726;-2,14253650532739;0,399371694107151;-1,56686647074121;-0,0165505039959395;1,20539963855051;0,720774175517843;-1,32078145692713;-0,242771715241706;-0,779654652905799
"132";-0,378291982729268;1,75783102458674;-0,254973662109542;0,538792525079365;0,76475840497124;-0,21027414001136;-1,2471512892726;0,744417962611381;-0,388113209262468;-0,87890677185715;-0,351141090100212;0,467207145366505;1,81558079915009
"133";-0,724179623707776;0,216203520182704;-1,61803290616158;1,6026039091988;-1,80991117053853;0,00693876072148079;1,02088055026918;0,697361676514809;0,207735716410059;-1,01339170849779;0,364865829927842;-0,264423850210158;-0,616799976906278
"134";0,0498669777655491;-0,463870217797222;-0,253789714193955;-1,71280298047858;1,4430934219558;1,90382058958616;-0,40809033550893;0,0866255239897194;0,833255542310744;0,0667861374002745;1,8447167997891;0,0262564683039971;0,825511036098593
"135";-0,137215875242125;-0,50606729752522;1,19531745024437;0,93073377124556;1,19125798267834;0,486918404591832;0,121817176472447;0,530475488150623;1,2521137740943;-0,353277402065012;-1,58303789833667;0,399769943693157;-0,281319960701163
"136";-2,77818853329978;0,151357881790796;-0,149437442947432;0,468371841228824;0,0840723251923616;-0,975044464789372;0,89928758117087;-0,619885966090294;2,35894566031042;1,28003114185753;1,51297364554556;2,65664350312251;0,288483946731295
"137";-0,499362083186731;0,749403687301088;-0,0698988054467503;2,02154725208149;-0,807812499993818;-0,40904620507917;-0,172058794350781;-0,153697915935757;0,425742601541405;1,56807433371838;-1,9941261606999;0,194877357315072;-0,932249358104038
"138";1,13443340471713;0,394343382047884;0,990310733899542;-0,963957815059302;-0,0915058958102954;-1,09180495543758;0,450833676671645;-0,657131785903474;-1,23578828042463;-0,425077005108079;-0,0382780395868965;0,954287736443004;-1,03623865948968
"139";-0,81629044622726;-1,26083268344547;0,650392720393477;0,261249069975457;0,138462678107774;1,13917574904865;0,848823654567949;2,02291612286249;-0,956345543920507;-0,36861224777161;0,199496148681785;-0,280276250161823;1,2099974247149
"140";-0,470912489627014;-0,543522541361722;-0,417946208276737;-0,357055114158902;1,45145229408769;0,736989811312283;0,715848036088758;-0,376226712870738;0,80618490080093;1,08996682122934;-0,465598187449385;-0,693896822798857;0,389464928205036
"141";0,927679711961455;0,27605043666167;-0,0339394279820366;-0,293414221568603;0,716843338731677;-0,244960490474921;-1,24385473327727;-0,91493448929621;0,694955318878424;-0,883711611865647;0,0486866106543432;0,578946867973;-0,403234495503044
"142";1,27188381774823;0,0580111162046381;-0,403111923073189;-0,574034855185244;-0,136598453562355;1,10836979724785;0,39425930725761;1,64123984851197;0,552192369152656;-0,936842604474709;-0,73162287269799;0,515490297448211;2,17789021114189
"143";-0,896426589025921;-1,73393956185589;0,488569408888305;-0,0896290183941475;-0,481022306252378;-1,20011614710502;0,0387136152449841;-0,237160022239555;-1,68868333109187;0,0176068448783142;-1,81558937238064;1,10633216448536;-0,55041376729412
"144";-1,26959700256865;-0,602265025845041;1,33329870771622;1,2256727368404;-1,34526346249789;-0,0211627403416072;-1,85951523384873;0,743575951457791;-2,10511223460493;-1,21203574885051;-0,412695306652469;0,610355680860324;-1,0782412734014
"145";-0,726675766308402;0,18695040500571;0,0701114616016882;0,208332212380065;0,735543453305032;0,200809918991964;0,0825215493010475;0,459806029526352;1,59643319914486;3,25235077039841;1,1705533615882;0,0508911616313825;0,241503708346083
"146";0,691134414923657;-0,098429871367887;0,296268135349032;1,72595588732237;1,66908107329136;-0,471986200713492;1,70337496848342;-0,902697921329146;-0,291599677984152;-0,503878464500199;1,14568522651749;-0,999472545720686;0,467988982278197
"147";-1,22706920691454;0,627445963286829;-1,72046399596127;-0,353295439502895;-2,6205530532156;-0,167230170297257;1,26433152990166;1,29299169759881;-0,0364921920853192;1,25705520347569;0,411179313815024;-0,195466390799717;0,0791427664387515
"148";-0,061286216968695;-0,789694619642239;-0,0899322456077153;-0,0505657304082644;-0,685715044730609;-0,650168883701414;-0,775182772464721;1,32523578814493;0,648643226317667;-1,06144776475284;0,483242914426923;0,659585527124977;-2,4364168033403
"149";0,975475101999906;0,0955135616461402;0,161796884883919;0,823688419184319;-1,11615418471082;0,649458166220654;-0,0576840209317038;-0,202317302174375;0,606701127885309;0,308261143121236;0,0465870603583852;-0,85552568445156;2,54579254007326
"150";-0,133779270466616;0,742921263202887;1,54847238694005;0,748296385384222;-0,292898134131183;-1,31414933235966;-0,171390781341107;0,259406911336508;0,288463098724942;1,01619966685268;0,0961007826255056;2,13669047503251;0,507740228020093
"151";-1,36213671525901;-0,182321354089344;-0,293856787621929;-0,934719724863631;-0,0558452604520215;0,252221047227379;-0,566128654949038;1,96428867682838;-0,722584926231575;-0,950976413865662;0,79920751802143;0,294826342946358;-0,849446961388636
"152";-0,472026537578115;0,764277488045192;-0,207536480301382;1,15110518114187;1,06056276612528;1,11218175941025;-0,381574063736232;0,698691532505022;0,190411917136199;0,272464904443502;-0,175144515151864;0,772722007006599;0,582508902391864
"153";-0,889865094193714;0,144525264914397;1,19448922361679;-0,762896840237996;-0,173360617876547;-1,00512257238377;-0,25260694641067;-0,0705186151522908;-0,153445499656785;1,70828691485;0,629110081363002;-0,00558449649334629;0,211799152365006
"154";0,444844594083348;-1,8417754351381;-0,817558041290947;-0,122368239281747;-0,328686371056682;0,0320982089766432;-0,767730164644952;-2,02326217793994;-0,120653945865121;-0,811602559447828;1,81422491459011;-1,18493482917386;0,678279851742502
"155";0,125009866033077;0,0339576400643023;0,857800893769884;0,959776613061617;-0,529548064722078;-1,20424507762491;-0,438963058392304;-0,328311933199016;0,542364050547257;-1,0827380732709;-0,106643868619436;0,326898875432597;-0,0506507787504461
"156";-1,58799067990864;-0,28474277820073;-1,53532865627311;-1,3089062108985;1,48880072383946;-1,64559751137589;2,00142483341563;-0,186714476403707;1,06813561491663;0,58173789704756;0,673460294911807;-0,459007746854278;0,00467454186090871
"157";0,0364579480844298;0,309651434135914;1,37678151598117;0,399731292551002;-0,225606986484824;-0,0646589352300702;-0,549751394567212;0,0601613924171231;-0,14171341659573;-0,120696243073913;-0,236670542762009;-2,37120582406862;1,64316974668072
"158";-1,70003767754915;0,0124108320577248;-0,515529296024188;-0,865877195681462;0,304114153687508;-0,872168504182918;-0,31536548594614;1,25184136546147;1,7454953580003;-1,26097132234395;0,189878443817261;-0,203646300623784;-1,15625157316859
"159";-0,0891217005173554;-0,034664936320812;0,138329587258373;0,433908667519104;-0,969732815822778;0,488093071422051;-2,42155631331679;0,968431427363367;-0,785972723401473;1,38618507362291;-0,569182773892446;0,58391707404031;0,0473713371071663
"160";1,12933913780638;0,188747449905292;-0,971036268445586;-0,217315316759648;-0,666757617377149;-0,625669596045932;0,991608574028226;-0,129522441251924;-0,19193375659633;-1,12581992254299;-1,36060472612478;0,220718926477945;-0,187637178135174
"161";-0,339491523199279;0,0127683407354382;-1,20152631481684;-1,41500151653711;-0,684469326528246;-0,878776652390404;1,52095882595199;0,137612923203913;1,13674151716394;1,12220672755996;0,689471703152827;0,344533176242483;0,0685001587443926
"162";0,828055394280014;1,02477701669061;0,47634074605001;-0,977835980152155;2,06324243344709;-1,60925017744742;-0,736385964662827;0,614530573591534;0,105890935911929;1,39785003694804;1,81097136777042;1,57920295156871;0,65645290976312
"163";-0,775503503203446;-1,03078365752299;0,692897919961068;-1,009074200153;0,786880050304933;-0,19419745669017;0,707159511272384;-1,34922238360968;0,564748252106238;0,303377565880916;1,34561867760336;0,564848556682384;0,326685635500972
"164";1,59623565645096;-0,88969296340811;-0,729081349858667;-0,710411918585222;-0,59598681608592;0,309827554982078;-0,251033782044034;-0,986577791366442;1,0714716328692;-1,13533320576092;0,773613212571118;0,552281530233328;0,339200051631727
"165";-0,0243074458888273;1,51578754060661;2,0725179919777;0,805900980710336;-0,17955539569411;-0,323257737970018;0,0848984636448104;0,533929056595205;0,346359986289714;-0,196367593381891;0,0118362002156354;1,49222297133184;1,43214223515004
"166";0,153815399045356;-0,137434450758598;-1,1828665918108;-0,74593604415496;1,32128210368385;-1,35509050441119;-1,47857476818845;1,60418820375981;-0,392146370406733;-0,45787728828285;1,20449841979433;1,33943216505581;1,08970267456728
"167";-2,18074066616961;-1,06400503472295;0,659254132431414;1,12207042963766;1,68075909959178;0,86091694138411;0,444290113642393;-0,0756083351576038;0,938193262701429;-0,0650839029453883;0,547605329074523;-1,63534530099217;-0,238768500362142
"168";0,0118656908215058;1,33674658534901;-0,334530633907517;0,452715593932786;-1,27603461240208;1,15549682655092;0,358939677038666;-1,66669453813577;-0,654492706280466;0,637627489679557;-2,13476099303195;-0,18512729721283;-1,47572863955772
"169";-0,62238056507937;-0,875789809335713;0,547016015338822;0,556177824365396;-0,0699288633778357;0,277613780003132;1,63518590127833;-0,847857023016469;1,1056369260388;-0,522325469836102;0,197047280474338;0,943119368336282;2,03816198748201
"170";-0,285623633313373;0,275023788838352;0,926550005685972;1,02089470065696;2,21602481476587;-0,384132850347361;1,61318924187021;1,99494560714162;-1,05869910424018;0,459485869998972;-0,787450888109407;0,2150596028019;0,836788034086331
"171";0,0377607308618247;-0,93932258168855;-0,257821798286509;-1,44417995284983;0,196263652816084;-0,195748234925879;-0,614645746397682;0,218375128329139;-1,06492971580944;0,388126255661472;0,926967576565951;-0,154818175267473;1,16754734068942
"172";-0,39418348442671;-1,48027340041921;1,27234427070539;1,34058703521821;-0,724776530190622;-1,21059601259247;-0,421522846811208;0,681625784384753;0,571868995435381;1,94106213629308;-1,86843105745133;-0,557913713709222;-0,701651712418045
"173";3,08060775338687;-0,945896502821824;-1,3798490880652;-0,373648737978439;0,0842923481721032;0,771302228677557;0,848985817258024;-0,645519197230768;-0,762868812322469;-1,1925134966638;-0,562872555467186;0,510675709878608;0,713533178683799
"174";0,743611158198453;1,6405238004043;-0,876740748504661;-1,69809259248318;0,865874920800789;-2,05410985020388;0,209469433694947;-0,557966024714457;1,16572138462665;1,84281750582409;0,0168799144988342;1,32032450606547;0,737455552930708
"175";-0,771386691924668;0,695518297308063;0,295068812793816;0,299659210000879;-0,543044343932562;1,74338320541856;-0,220383710322114;-1,05593787109604;0,176995668064679;0,326426351041699;-1,79642805884016;0,467528698549603;-0,33091105417193
"176";-0,56709326690663;0,948984341592289;-1,25605584137189;0,532557888207644;-1,27929280980023;0,807374590230338;0,631086591894749;0,0334243975193846;-0,179923879020892;-0,647658228503283;0,47523801428155;0,455580008311318;0,83402581837918
"177";-0,571201789163377;-1,70619837838458;-0,814266818729112;0,28535065376733;-0,30092636121996;1,08250014886853;0,418689313660146;-1,21211970187586;1,36135985873102;-1,2108173295153;-0,645128421276961;-0,00336819632396684;0,527493129324837
"178";-0,445372734383005;0,620729275995413;-0,935343977286369;0,0787036511291498;-1,10785651809533;0,835912794151157;-1,19958623982573;-0,915497568508927;0,663537094735673;1,07727880010596;1,06516017053461;1,46799899439601;0,0102237715874269
"179";-1,00536931138179;0,880288221567007;-0,474654485940967;0,740094379194958;-1,02985962732162;0,093506223991543;0,108819372998785;0,204787593989335;-0,376799119824072;0,0868887706497498;0,748130304063296;1,45915854499106;-0,437729855145108
"180";-1,52866509894841;-0,00303757941336354;0,0612680777372373;-1,15644601728101;0,150100785914329;1,39701991970905;-0,406394804087844;-0,414323202198091;-0,971781220283161;-0,979408348609273;-0,978475504990058;-0,329151598948493;1,09192058203509
"181";1,0426478459312;0,480233844179919;0,614320094874752;-0,339049654465284;-0,96833825087094;-0,418545013655691;-0,643772763660206;0,234885996131682;-1,25100425592924;1,00423889143303;0,880349265475308;-0,104018791390571;0,125708882867177
"182";-1,32923057027132;0,775614593809403;0,694902400727661;0,137723447966623;-0,00719214677964239;-2,27639515241646;-0,843973058034084;1,30950445885148;0,936215323796456;-0,660436981351628;-0,0366097864407944;-1,76385706245143;0,86969777156261
"183";-1,36523484681194;-0,742802278509919;-1,09223539665347;-0,526908937895471;-0,344093934478273;-0,0889664257265396;-0,487137835883018;0,647573595032991;0,140416071684851;-0,097590665047338;-0,699752287137555;2,46540612069031;-0,79541465764685
"184";0,266011530448988;-0,963346543134889;-0,568373617916401;0,663767145148126;-0,163356742378816;-1,07632653497802;0,346264848666702;-1,80094510418626;1,2309950952073;0,360284616633978;-1,44482214932905;-1,42198475430136;-0,0833557109816566
"185";0,139443296894317;-0,32107969908242;1,44278439126709;-0,7598423074537;0,214614911660836;-0,487169748639398;-1,07480177927541;2,27101735018062;1,02575971453524;0,22626155105045;-0,763471280107529;-0,572853619126183;0,0474828667827645
"186";0,902610229597051;0,550811518760764;0,485259578860613;1,05302605550459;-1,65464034951027;0,756936590001786;0,655438515075836;-0,221336430984471;0,380705028695666;0,562237435949197;1,17267370796348;0,194117632809126;0,635130037811114
"187";0,37188093732493;-0,53252376442098;0,160264043325085;-1,19636122135683;-0,464619827440623;-0,0511958072281659;-0,566479014177839;-0,273549577750722;-0,676729730158601;-0,189819097709305;-1,22924244113341;0,199692706760689;0,79382826546393
"188";0,474852797731876;0,788914918128114;0,203583101730651;0,511839239686066;0,955068862132885;1,16642526609498;-1,16203082161208;0,281379931704525;0,096564028474791;-0,206099511640529;-0,599201025168296;0,155140362301934;0,258776647788767
"189";0,0749801346418988;0,739061113369518;0,603078136620393;0,805883182596487;1,213664143309;-1,06718504378389;-0,405781605747229;0,297979066395441;-0,0941415799468862;-2,3665687835003;1,37183539646522;0,492724093090298;0,643881115258061
"190";-1,53220458362972;-0,852962172835976;-0,137446253436789;0,434979034124952;0,660801035128795;-0,524984832860061;0,330069985769635;-0,451806732803199;1,48964304029641;0,912123123848797;0,91366977495996;0,451026901174691;-0,0624510118051139
"191";-0,601048406464553;-1,50558534842195;1,0068418454633;0,243991317195553;-1,29157315533266;-2,96599445621542;-0,454807398168331;-1,50638783692797;-0,0227966728961243;-0,585488501896287;-0,368846566370921;0,990643466713175;-0,0314698642475894
"192";1,17069164786381;-1,34239397973173;1,09234351958349;-0,488497271309178;0,544501831090888;-0,267458186145931;-1,09864970172732;-0,416861707714686;-1,13447264853954;0,115304685442094;-1,66548534433933;-0,0107271227061698;1,29251306214424
"193";-0,944701957329257;-0,201535492550248;-0,842339551039595;-0,346606020508769;0,530645489615197;0,0695948820364864;0,272488376102991;-1,38605069140151;0,395219119676486;-1,2712575036577;0,200803106981808;0,342880055177713;-0,0376109638753265
"194";0,631077892412244;1,20927600804915;-0,187272392844859;0,300071527061788;-0,574993026561267;-1,55330511321794;0,0748114103106254;-1,56943234812864;-0,345973723126629;2,26309553327017;0,170169485994854;-1,80915457065829;-0,315763020929522
"195";-1,19502182208378;0,0912905557821707;-0,453076659927955;-1,20182958840797;0,741283340557196;-1,32671286023141;-0,366835134730022;0,72236878287347;1,48583830765595;0,252578743853952;-0,629313708153959;0,328986133885529;0,846746274082772
"196";-1,60143780287065;-0,315201895693447;-0,754566837063417;0,161258841239381;-1,00612105288129;1,51260284059285;-0,846660173713676;0,288147608889191;0,135110704306474;0,201942672943233;-0,211534359666926;0,376697147869435;-0,337322683354192
"197";0,726168600173484;1,62871516791586;-0,425291989029686;0,487314743575638;0,0374719787890265;0,795083112733262;0,39318221325427;0,0493393591358254;-0,269689619748722;-0,689838063679672;-1,78911018597207;-0,169480367041406;1,19530491279564
"198";-0,099067693139795;0,589244710453065;0,353253748543932;-0,790153810970141;0,76958436109977;0,43269418169598;1,9658525329272;-0,372616299196534;1,66387358881913;-0,470791110999167;-0,617067973370316;1,0164291788529;-0,598991702974903
"199";-0,596989426710522;0,70271235502906;-0,869689633219978;-1,56809157267875;0,341380099489078;0,271087719263397;0,802113067575299;-0,197498980782229;-0,240808988337019;0,179293218842816;0,127430963875484;0,436372578598024;0,383602701710249
"200";-0,190961392874634;2,72068925619743;-0,247956216335839;0,0427913197292664;-0,162111088682344;0,82750537728693;-0,995724846483585;0,445762404221381;-0,408366314230592;-1,29163701450738;0,691342584755833;0,45899922791076;-0,228068902614298
"201";0,139543399862266;-1,49843079899424;-1,86589992769796;0,551137930913909;0,613836537386707;0,597426239104785;-0,298037819372402;-0,0947909882982876;-0,00284260532043379;-0,569028297340944;0,265592064524899;0,637581935229522;3,23695024974492
"202";-0,0758110609544506;-2,28188426225588;-0,757333431479327;0,0385382889490652;0,393655311681594;0,17646454770728;-0,453763263277871;0,314722830284734;-0,789800627556972;1,07766876340543;-1,81611101728569;0,462092360734461;-0,412849323856872
"203";0,340404651831745;0,0358223812819878;0,441826736296195;-0,237031196429174;0,245068646312013;1,11461606721372;-0,183520388926862;-0,085986185536179;0,35171393462026;2,10521005642952;-0,943661135683454;0,299428042440945;-1,02613887748671
"204";-1,45288655927701;-0,666552280910444;-0,472013166940798;-0,12475883009016;-1,22048452688238;1,30861810098522;-0,270355190081328;-0,593764374717324;-0,516298029649678;1,40641610406706;-0,27177788387463;-0,563141966552967;-1,37111706994744
"205";0,28495596756669;-0,203622589576458;-0,332616038981491;0,255987846196218;2,76086322450492;-1,45137586087444;0,0622403239252079;0,521920353140867;-1,28110558428474;-0,584340030203188;0,997137679792792;-0,0432001519067164;-0,628319292387939
"206";-0,758247616136294;-0,448744499361156;-1,58648929030495;0,607273380302634;-0,165407944227412;0,615752007927853;-0,883338150784902;-0,163197944690206;0,837496020547221;-1,55847680054289;0,41534861697581;-0,00546929780589916;0,295433087354606
"207";0,541035896415736;0,667647075859453;-0,0634947644011265;1,48952654936618;-0,150190025221419;-0,216040464200456;-0,628120016415091;0,304136936896588;0,667811677167185;-0,038550513638759;0,0907930521734902;0,798662775653502;1,12481834280398
"208";0,155631425278331;-0,222781367618053;0,879771134237527;-0,197713904868941;-0,333802232328889;-2,36000711649245;-2,11477429526464;-0,777224865220823;1,06082747010638;-1,29254657190874;-0,245473334713624;0,566129543585789;-1,73459959548379
"209";0,597140751328062;1,82495819703965;1,11314659190478;0,385104304064875;0,0421113635419882;-1,23148728501356;0,886333136363443;-0,172625466543002;0,0833239370246223;0,875140870857778;0,309856855813473;1,91732329457996;1,63749076369944
"210";-0,385468649092503;0,588586141416549;-0,656804013200774;-0,986103732026489;-0,770262369799609;-1,02848382912569;-0,295214126192627;-0,11350207387252;3,06020307607662;0,032462780377664;0,452349079698258;0,0992282068553756;0,524260704058399
"211";-0,138364388313784;1,21606905487319;0,451438618209316;1,23682289608775;-0,743310597827224;-1,02743245321405;0,393987093195749;-0,474969082045389;-1,38626149968916;-1,91797906208736;0,790565591248165;-0,693571685333268;-1,95546287731837
"212";1,56272112429708;-0,481854176192722;-0,0737498899639661;-1,62094878311585;-0,305591269608589;-0,109637438574917;-0,66016964026599;1,40165012580648;0,776679881046893;0,475626366584562;-0,490875198915544;0,272099729287302;-1,00286529514347
"213";0,44253837510623;-1,22324552935376;0,0227775243502003;0,359531738661118;-0,614904124986986;-0,581009071244315;1,76352566505935;-0,521384479434371;-0,900575193088201;0,651536310586122;1,45579414055859;-0,0934708155772858;1,21260073998341
"214";0,0256450509296305;-0,614879324424098;0,0177351408833155;0,0302383668962468;-0,785264331148878;1,69102811957626;0,480489028803388;-0,835240060659453;0,444552069726844;0,603244165402224;0,218059667293108;-1,47009806221303;0,500697850503056
"215";0,847393778642045;0,922191309620633;0,428689384212285;-0,23484427775138;0,66657331312617;-0,864400898872663;1,663575503261;-0,0544717165393968;-0,950557393227302;0,517338284563541;-0,0630298738578982;1,27355839231155;1,35490324022911
"216";0,573783564197456;-1,24962788334676;-0,0712395312924218;-0,00380450582140122;0,532245423034578;-0,363001689894791;0,77594021139677;0,571633211690484;0,226465069760068;-0,229454130125561;0,925478317546373;-1,12117684829347;1,33135736388193
"217";2,38856159100876;-0,0732598385925333;0,0158957643599552;-0,423971776636794;-1,63616983686836;-0,0319803553362523;-1,20161333937785;2,01143179576689;-0,471729693685922;0,123106689510526;-1,0994339473626;-0,697034998761079;-0,829921095141912
"218";-0,173799731135488;-0,27335897746362;1,08168540367082;2,27726833575613;1,09095306371454;-0,889611931628622;1,20398372576416;1,90555775638913;1,80747396340716;-0,510102435871269;0,466112518137052;0,897743951439303;-0,187214979825268
"219";0,123316427792811;0,097955933204613;-1,56296428287954;-0,195752797791575;0,699604363610313;0,852036753273949;-0,854520319362165;0,836587221993166;0,00890620342366091;1,54746567402662;0,225274696296019;-0,357651470891057;0,766955862140851
"220";0,174556432852276;0,244922713301603;-1,0454166301886;0,205199667871192;0,205648203867207;-0,22374947454042;-1,16616995742244;-0,33431656199695;-1,76041979342815;-0,36673762032171;-0,149157048195255;0,220284190126192;-0,183028333629018
"221";-0,377010142872295;-0,630511615299785;-0,312547205847019;0,433863407454266;0,286818914125066;-0,529027622929986;1,09637054775543;-0,538885885245008;0,0701447368350276;0,152675530342024;0,788558875507751;-1,084792260976;-0,897356621996698
"222";1,4752289885353;-0,994225484266836;1,68683351641614;-2,20808260080843;-0,186944364078362;-2,18298459035558;-0,491456435708435;0,156145040203607;0,63750232254572;-1,66803805217937;-0,383429747886013;1,33717543334052;0,613995316987065
"223";0,985582995276267;0,139190135747865;-0,739197258433045;-0,578282340812066;0,927741908691148;0,607738143689015;0,808185986592496;0,932735891699403;-0,636912888701197;-0,199529466633762;-1,59125092081256;-0,525297497427064;0,49181145632856
"224";-1,46040652605124;-0,861735428113841;-0,663587390400543;0,0305186438427517;-0,76839816096964;1,29592327885845;0,341675718262709;0,633089188166179;-0,104125417746935;-0,475590780826244;-0,09900405019944;0,0907420593247762;2,07100746574152
"225";-0,160069423220506;0,979860914148169;0,366076019875154;0,684751639969182;-0,0386731195098008;-0,869853751631166;0,69885392402935;-0,297950586257798;-0,638413234815003;-0,322309535685697;-1,36007954412718;-0,142593930334269;-0,283982244382457
"226";0,513497645981966;0,066002857137753;1,95729948803136;0,896168791945368;-0,858176021885005;0,794554319609856;-0,565632061451686;0,437299816881311;-1,06487106316527;1,01038472864916;-0,618350097131747;-0,487771327438334;0,20934617284722
"227";-1,22651785034372;0,966437057393575;0,302666826605541;-0,551474614968851;-0,387775555776748;-0,287018152089913;-1,09620914536224;0,423655121977488;-1,80424376985653;0,280213239541365;-2,07737253555361;-0,327514141323564;0,0123299888724955
"228";-0,193642791484789;-0,217704825021363;0,327662313337746;-0,494297878558374;-0,687494051643984;1,9760488485093;0,194607870917263;-0,135561059116597;-0,650328412354613;1,33954768339647;-0,060359951383794;0,884812034765943;0,828997134992301
"229";-1,0712143359703;1,25220899072016;0,339000172757831;0,5045147195083;0,261082222687723;1,16363576050402;0,754253980321962;1,45164199461344;-1,25104216229795;0,658080341210272;0,231523217168753;-0,0221727965572682;0,729381945295869
"230";-1,12403146941055;2,06958436128511;2,1187033803611;0,204410415849893;0,809426520167882;-0,968572686055814;-1,24569612206268;0,233489577258098;-0,142752743174035;-0,89176229346219;-0,64832987512954;-0,984163789615774;-1,82021388660658
"231";0,444916012775855;-0,490540352593166;1,0195710905078;0,693513310492452;0,640008855545018;-0,823191836354176;0,354555083000816;2,54609596444173;0,52108205182581;-0,884114837772147;-0,753442315573088;-1,69200749004075;-1,93148035774684
"232";0,75694329408209;0,36727626573918;0,997332009813776;1,61695694937769;-0,695866010920251;-0,398025845600053;-0,0237175693638377;2,36617946450236;0,869617177395466;0,646721854078024;0,533777618999508;-0,088814292175358;0,46033782046569
"233";-1,47621663859471;-2,052593393231;1,4680508183906;-0,801058051385499;-0,163202038436581;1,41956545374182;-0,603888095642419;-1,73869371468848;-0,782586485469486;0,808726911660875;0,778575407408132;0,0354869995605305;1,75211464246888
"234";-0,307523784130665;0,909824466341098;0,183722762839317;1,42724428334528;-0,522979901420493;0,0656780952431836;-1,23864203964175;1,55548873278047;-2,43585527953244;-2,07525231780058;-1,92390284638567;-1,84424168210957;-0,471347992733008
"235";-1,05065454924751;0,104072747880228;1,10203497174009;-0,853285557635248;0,00570574694204254;2,38333090792567;0,911472603483989;-1,2634273531596;0,419004252667388;1,9297992031646;-0,444253355982115;-0,378871131738094;-1,23259470216585
"236";0,161981427713635;-0,621500437167049;1,38712492598111;1,4592037119374;-0,224231670319442;0,724260381728949;1,00469967758464;0,872849890096547;-0,850590424870372;-0,194055048363023;0,337145368458612;-0,00306079549138863;0,327157969461796
"237";-1,49611857516672;1,63278140404017;0,541524733338293;0,369308080579428;-0,80463907265147;1,4038863121085;-0,327991683616915;-0,492139222485181;1,12933515052826;-0,196322536564055;1,48333547097997;0,775905083650904;0,755385525513449
"238";0,235165470481124;-0,071196973748111;0,744479704872625;0,390550430662322;0,029263456992199;-0,94770158707538;-0,170950884983715;1,73376909310315;0,173759271916884;-0,0365129524182036;-0,559887027169586;-0,521105579888949;0,985390800855021
"239";-0,0949435323027129;0,958912399595165;0,72760672295387;0,481419812095522;-0,312893531670262;-0,725776563504449;-2,85361586120175;1,02624353088699;-0,128329982137532;1,29131643443443;0,979679072221816;-0,714526726611238;-0,801475158469151
"240";0,538767327232244;0,229918588966555;-2,20394311240801;0,179508892494695;1,48223345800643;-2,09709310642631;-0,158541237821355;0,0686294582218894;0,0209049408140979;-0,931695427500659;0,49481574259473;-0,390177510208233;0,754146933275955
"241";0,823283571939375;-1,50252926558656;0,695671995697267;-1,20147566185779;-0,0209121950583799;-1,16644329984449;0,00970946146817986;-0,398018793803722;-0,0385141708179944;-1,38211968909358;0,531482580235749;0,294198295840058;-1,79933702593444
"242";1,47668796562885;1,15523693896615;2,1663819896719;-0,769917097397053;0,566681186871372;1,7306007308312;1,21177448203341;0,632168507752979;0,569538223105759;0,75807683058012;-1,32666790251613;-0,952730023023243;-0,41726168400482
"243";-1,09561375054395;0,0221834717278377;0,858691666727246;0,175272775679317;0,68400261500034;0,410339833946836;0,0366637021697579;-2,31745162937787;-0,884590280561751;-0,323277148385464;-0,710253984959674;0,736481570894433;-0,173610055882887
"244";0,718201302537;0,285935194370294;-0,55166210899974;0,682017023093259;-2,34337165541717;-0,521300333989517;-0,843499742916975;-0,442879297548042;0,624081515718487;-1,79294174026765;0,35790615789096;0,282992439533454;-1,50881479193614
"245";0,392131512478275;0,139912280966653;1,92404334999114;-0,320748836205924;-0,600664219095497;-1,64227780909256;-1,31690258064977;-2,57271412897704;-0,758048612841348;-0,818224911506865;-1,37346468976363;0,223221932508338;-1,44347105840125
"246";-0,193881230639463;-0,529877708250912;-0,192548170570308;-0,0976083538923056;-1,7045741621333;-0,0463624571154926;-2,26309584432222;-0,283758455644152;0,122473004163115;-0,0599913602528065;-0,539820616314622;1,64115045717164;1,19703515543577
"247";-1,99249122012809;-1,38389811720684;0,563004148481122;0,930453698107661;0,130257417853436;0,638678957198993;-1,42525027777415;-0,398839950750995;-0,435879316672724;0,952930910926513;-1,00347982789065;-0,288029643507546;1,14435354779148
"248";-0,932836909980579;-0,094050281362236;0,801471453140288;-1,29437753155852;0,127872018640871;-0,533484386858959;1,84560264099831;0,00159338138159315;-0,0977536565844525;-0,718614844763209;-0,33505363422353;0,865845252873073;-0,520979181949059
"249";0,841943501194444;0,03899523179775;-1,89820679055901;0,462701263698053;-2,92201966608728;1,3037919719673;0,540183584671284;-0,545673352044335;0,707621568540994;0,192359729342414;-1,03776744535446;0,38839718051331;0,267272219717286
"250";-2,0828923553256;-0,965751656871414;0,105829562499193;-0,930045028622264;2,03599446730879;-1,48715330446175;-1,41951840827492;-0,631490322864371;0,792245760072345;-1,83861529289539;-0,262821875059398;1,63490034882434;-0,853909080095173
"251";1,07515391779878;-0,33348787508607;0,178400234321054;0,254143415753627;-1,68737071906382;-1,15998156724909;-1,88617330120341;-0,431078232039066;0,41751135888465;-0,421109930898441;0,163910661833105;0,109805633623881;0,429127620977629
"252";0,506665564946529;-0,686884752262902;-1,58190680548938;0,0113853886421692;1,88425215637079;-0,850406270333912;-0,750162130063594;1,65844673013857;0,188379594380842;0,0415568006442111;-0,111150195911841;1,10582103315875;1,44336131624726
"253";0,463949107076037;0,238205361319406;-1,3709674631889;0,236935984501747;0,606472229962578;0,387907973915145;-1,26630946301108;-0,8336216372377;-1,77665682613919;1,10574973622961;1,23505431453596;-0,106102596055519;0,12097999026143
"254";-1,44339431398987;0,39213570308261;-0,231900180880881;1,11109054318897;-0,400265181249978;-1,05495641555799;-0,962472239408522;-1,58329112905907;-0,311969104349418;1,21456605923995;1,65190467445182;-1,04940839045528;-2,1184945033393
"255";2,08145569587468;-1,18784152367392;0,551363281147768;1,28406905248743;0,589828034459415;-0,6670680346361;1,68552445259637;-0,27672832488372;-0,657047591354101;-0,490250669219349;1,46379621473865;-0,177788162269054;0,460632519117257
"256";0,266340157085156;-0,6005145373027;0,442256674552632;0,823025195023694;0,572171587696602;-0,847988274249696;-2,13605625174168;0,37697628310563;1,70058797690695;1,18801284254322;0,603758883522271;0,607704811481255;0,62204912304751
"257";2,54956795602355;-0,292818310322212;1,72518531641901;-0,153404463048356;-0,646453266881993;1,0350318919521;0,102750237753952;0,0499635905767694;-1,8119485711304;1,045676304349;1,71494178107716;1,57827635138438;1,29548743174666
"258";-0,190009052345762;-2,03383411210964;0,693932771907845;-0,828232719831203;0,440980185356243;-0,570589752347371;2,3434124762633;0,823130389285263;-0,274037114105336;0,705016042064569;0,188809531794925;0,453619591306912;1,81996445677971
"259";-1,16917629507301;-0,255200123693336;-2,81839801305548;0,0859623820175332;-0,212603801821029;0,588908389764568;0,477392379020292;-0,700776041709679;0,476739305513913;-0,763149365767759;-2,98204062201861;-1,03128270189256;-1,23560136698033
"260";1,04030614688085;-0,000455052264960426;0,205051103906943;-0,381921348148629;-0,00589625072211858;-0,317824415994651;0,911197395888808;0,432791316534021;0,74945804875246;-2,23650398819495;0,626854671918719;-0,549552993407861;-0,455358504098962
"261";0,309031831601076;-1,2504813276342;-1,19691468550977;-0,208275160890114;-0,0957148885888674;0,180832696972708;0,819511805283617;0,0194202362154875;-0,357210807584254;0,597081340086065;-1,49686936091474;2,25264827412433;-0,634110215986736
"262";-1,33935694398534;-0,606271623778656;0,309642216070561;1,19402344084875;0,862524791960676;-0,364540309577588;0,759691813756187;0,169692002626294;-0,804349887180561;-0,603014258834775;0,00537118964175685;2,2622591183818;-1,03449170159972
"263";-1,24594447493472;0,27633563943006;0,912657658983701;0,961587669280145;-1,98858395533014;0,295909023590736;0,489859489942992;-0,395757769905119;-0,441028657499002;-0,626819133297219;0,95425216088573;0,663824707538969;-1,11523584482786
"264";-0,85877038058142;0,0969202521372448;0,436076001717586;-0,406201024124244;0,662030927022284;-0,0458871591867492;0,959392553834556;-0,222070962416297;0,260672534807456;0,745175354200502;-0,62529672040421;-0,168545715263609;0,246884088845891
"265";-0,518183890999607;-0,617298966809693;-0,983436798763197;-0,101187933252681;0,0124666442743347;-0,555968465295636;0,847967950817877;0,40188551221534;1,3086001867159;2,56197519019743;-0,376396154040323;0,269425057653494;-0,0750580676788668
"266";-1,15486068461343;-0,532071746912222;-0,20419409738629;0,747536268848218;0,634093715977174;2,41899195683118;0,539795855158911;0,431001459632235;-0,0316995851689157;-0,230887788436908;0,551291395397962;1,1481254019011;0,739759846261185
"267";0,287756180363675;1,26658019040033;0,322336998557793;1,23659179447814;-0,0411263629115641;-1,82316571306878;-2,0699756484212;-0,809219647272868;-0,924354930390209;0,0971685696565343;0,17261862291069;1,64743355110078;0,68624238651618
"268";-0,198616559866567;1,12863616019953;-0,0667565299769385;0,245373534877185;1,31242811165849;-1,06795499011148;0,0483309595300349;0,951963898241398;0,376348122721116;0,533628165743348;-0,468338064145488;1,6122736576455;0,155554786162869
"269";0,768382063747787;-0,601148134030189;-0,653942532530455;0,256039259389424;-0,73726310769749;-0,401165105565011;0,624406490661819;1,27862630992429;-0,176214439324087;-1,16029113198388;0,288455489247634;-0,773993415671982;-0,917600467804751
"270";1,44117289609903;-1,1797391527899;1,68649003517041;0,212272742912406;0,432602931999656;0,160840697382963;-0,958172671895295;0,108515125899972;-3,05518173267877;0,378539091770565;-2,18197545570565;0,628043355113172;-0,693008285935599
"271";3,33841562943891;-0,973797343107276;0,444136868404218;1,20798725711459;-0,644753532927394;1,17840521207837;0,628876645267967;1,26071092029652;-0,314634237151929;0,107925884650265;-1,33309664947788;0,0845790548099872;0,0791453289548045
"272";-0,144137367419643;0,238068872140174;-0,715417423522621;0,204712256285805;0,0862323838961312;-0,765811669125124;-0,109566500924402;-1,69693458854043;0,165329600711271;-2,2765698682371;0,702520351674754;-0,866660601882864;-1,59897148093203
"273";0,513122414639568;1,17004464694658;-0,406481807003143;0,736585946120557;1,71845386463304;1,1540764481948;-0,307692541694363;-0,236205289931922;1,34534751414692;0,673593135031495;-0,490472720583725;1,46902644541853;-0,537635583117037
"274";0,308679857503761;0,00672232542411455;0,846378833851451;-2,09343877587128;-0,273750761396133;-0,708516427062938;0,767638035645544;-1,3729968680623;0,371910435195984;0,132110533416948;-0,105492973375401;-0,560050275375484;0,76932199543146
"275";0,215914737683206;-0,0622299785578927;-0,840359334718291;-1,49438287837078;0,91892335678459;-0,359205872874377;-0,613705311112889;-1,43213279109899;-2,37946083195623;-2,08363244053372;0,475093976956;1,70229151901609;-0,793998684660737
"276";-1,3267751471993;0,0751961806866844;-0,978433995536312;-0,265349081334615;-0,891681316077502;0,114083785119988;-0,42653947767293;-0,410985790219517;-1,03933477025909;-0,973288681276408;0,233975760402878;0,326463887500542;-0,0312319767637342
"277";0,623482939101558;0,416538519171751;0,0646010911226617;0,633107645884915;0,189602756494175;0,456951111672236;-0,189714605548037;-1,29459365226267;0,0972769013546066;0,648023771946482;-0,363541487970333;1,06406777918883;0,590804469597817
"278";-0,15125779590884;0,0409090717307384;-1,25509475814952;-0,0308124749352264;0,25728975688822;-2,18551994618854;0,387520516191753;-0,47629438961221;-0,0840396758571799;-0,950452660497744;-1,80079053675044;-0,787564760792982;-0,996723052271886
"279";-0,352570134452222;-0,88417314929074;-0,841662416794796;0,877264424679094;-0,357217411340009;1,37837678954387;-0,242416723968341;-0,652998014293506;-0,738635303852569;-0,939602499861095;-0,0237075257818131;-0,203979277188767;0,36013690039539
"280";1,81189570946299;0,112136075511711;-0,999788796455539;-1,51605030943147;1,14107899548537;-1,07305716473239;-0,150680926065051;-0,301455895520119;1,69646029735881;0,582451479671365;-0,199783047726963;0,207190569961318;0,406534774291297
"281";0,340153640924949;-0,950964859312352;0,154180245016635;-0,265186457698247;-0,89773702607144;0,440008135846358;1,89647619324175;1,10574180634299;-2,05655328226975;1,21358691315306;0,912644978301468;-0,309225381129488;0,439539983728777
"282";1,21608859053447;0,567312244385592;-0,972577047817587;1,39436970639598;0,899462760233122;-1,55283916704306;1,85761469730892;2,20181504948145;-0,580945897848664;1,43463807612763;-0,617392372793277;0,602549504378255;-0,685823730321979
"283";-1,4763019213967;-0,721519296799712;-2,08525488445986;-0,0664146132099281;-0,0476516354976354;0,0552960911284101;0,72625896380004;1,19150516271585;0,604701687576134;-0,598678636428145;1,25385907365685;0,268006260976712;2,10386120374673
"284";1,86579922073517;1,86255427256526;2,05287533710025;-1,50574801249089;-1,85516399713045;0,337783267047871;-1,68084309976015;0,945296181334495;0,277991328700986;0,0144606419805515;2,05210638192732;-1,21133960219462;-0,825864573424282
"285";1,02315459782107;-0,475418807553312;-0,771664307151532;-1,45882952524284;-0,768851929547367;0,976830581644489;-0,147937300343672;-0,495753065998768;1,86949901751526;-1,53657622034945;0,115755212106343;-0,0598711810108997;1,05386559220006
"286";-1,08042360005548;0,211788777471691;-2,56072978630022;-2,38499917607098;-0,00975797126700279;1,13006584234471;0,429487621772291;-1,65939212060497;-1,07722140931214;2,0715451540589;-1,42977522249591;-1,97508642159773;-0,518841002318295
"287";0,0331846061298694;1,18339155384316;-0,79564523215772;0,194866405067643;0,544214454992475;-0,438330974339647;2,19935137170707;-1,0528047843192;-0,764479540190418;-0,423251512072315;0,816695702203161;0,425446393664597;1,89408776830648
"288";0,14851688616886;0,337643473386782;-0,290852186824181;2,11228567482751;0,491912691961588;-1,24041718450307;0,0408998756544069;0,289061911109987;1,15042926093887;0,390711967651703;-0,078315733857977;0,0398583050697483;-0,00177500504822216
"289";-1,17101906919611;-0,481635989515487;0,0845755493193285;0,0620912807135145;1,74929250568634;0,534830054062324;-2,03005351125022;-0,207223845132519;2,59005616642058;0,826038511570046;0,843547725342293;-0,417515722822591;-2,15021546739338
"290";1,34005616500492;0,0722875537757005;1,32160903635398;-0,114592788891895;0,576027605510457;0,726953323696153;-0,372903408957878;-0,309664886670357;-0,358867811431641;0,024066437878561;-0,0806077425217788;-1,598419548098;0,719346438364562
"291";-0,472007808972677;-1,11845606856056;0,400028957747161;-0,0631308503857016;0,55596134327623;0,0224556900900664;0,43033880008818;-0,00186713573657216;-0,687705199453553;0,857087666774171;0,0118702533000373;2,18575926529156;-0,283333218384641
"292";-1,11449333516715;1,37538696046669;0,451886005923621;-0,176522187775885;1,43851922430904;-1,04716249;-1,26037351541387;1,54312245534366;0,29927402662661;0,303181456077172;-0,403374884099992;-1,74712762739039;0,819638029396412
"293";2,48431601103355;-0,764487330916725;-1,69592143228146;1,13430555883648;0,793096840183305;1,38773554865814;-0,571783333406349;-0,257024201065219;0,235673077623109;-0,913936050640677;1,70979658811266;1,09411725358287;0,645750939377111
"294";-0,0492764545781974;1,16869529929464;0,0319191525234821;-0,324165452996897;-0,620134362409183;-0,0544912129525653;0,391770388288864;0,354769820857833;-0,266435077758059;2,08463420273228;-1,36398287397054;-0,414214144669876;1,31347936265214
"295";-3,06101537885805;-0,167580666009035;0,825416395410992;-0,0834799974006772;-0,403834831329972;1,77419770586686;-0,202106094413033;1,86146463802565;0,0417735970043125;0,65521427587197;-0,167767297369427;-0,309302390957428;-1,4324722677261
"296";-0,198913576158886;-0,458821991305948;-1,10206590642861;1,0022411659568;-2,27208075846829;-1,03815300341053;-0,0519098352005194;-0,668951344289891;-0,688795015142461;-1,10965810782687;-1,150663483799;-1,39065074912708;0,416390361336774
"297";-0,231660731300258;1,19701966762469;0,137688401298594;-1,09012069611293;0,276064075009686;-2,2703385463084;1,44866442058538;-1,72677642458565;0,753537214907792;-0,577567736981829;-0,703461667113373;-0,988303248079987;-0,162929387890355
"298";0,272268075042413;0,858271685067509;-0,145679219704929;-0,07772210699561;1,07638758004895;-0,430127331580618;-0,479963350677398;1,18389978861432;-0,815181887690984;-0,906619150213394;0,543632683178462;-0,638008840012606;-0,297221753000974
"299";0,682538403078084;0,672137659416375;0,734309908236053;0,610950219390202;0,104681263944044;2,2438178755235;-0,00179135035296851;0,47797950153227;0,716317229020322;-1,84602223395263;0,405062158859648;-0,491555499497289;0,214781868797922
"300";-0,749205431187976;-0,294903942801442;-1,02711789132719;-1,19361738285703;-0,104735534731655;-0,48679637514093;-0,2831734107884;-0,124210622604926;2,52387513200675;-1,19902053766969;-1,65899547973082;-0,172054566824486;0,994575322757762
"301";0,904709211340049;0,392484697992567;2,19511648719552;0,945541635765932;0,429763258931553;2,94917323617829;-1,30465409785578;-1,92766689337128;1,1514942393107;0,654218611788258;-0,529125577126163;-1,58563345299734;0,00355841273974972
"302";-1,80245250078841;-1,28351351228348;0,02754517141832;-0,487033806377124;-0,784706248620972;1,70711751805478;0,596513179917513;1,30065594896907;2,77708456586371;0,148330759671831;-0,0834657042271702;-1,40283769550571;-0,602884669845424
"303";-0,755639183221864;-0,0348608059141676;-0,132003358423328;-0,589549888066511;-0,990020742503607;0,310807113063569;0,309371451544093;-0,0609943222441808;1,23318574226014;-1,71967698942781;0,418279120746055;1,6536093871968;0,322820432345908
"304";-0,0440361359964134;0,733995642494763;0,260649671305863;-2,60815183551083;-1,27487097187571;-0,244622821850132;-0,699238859984789;-1,22412767962853;0,347668149243263;-0,910759746494269;0,265330528593737;-0,745060445214272;-0,442481508079426
"305";0,562708442759665;0,740643523626987;-0,108464479501848;-1,15752637565745;0,875286602911948;-1,07710080313613;-0,638490892610579;0,477491564087654;-0,0377670828862694;-1,08555985117549;1,76593883371445;0,297209197611973;-0,514937375825986
"306";-0,841040587351838;0,947904630750975;1,65947038469782;0,22918856528703;-0,895988030308036;-1,07416746883565;-0,183926906862887;0,622929086241529;0,859287251231666;-0,814812124051245;-0,0490764878220106;-0,377587006005252;1,34250041164123
"307";-0,820388712890593;-0,00145666357449227;0,771383769108526;-0,875472120189906;-0,72026614089836;1,12074523061495;-0,904777209657917;-1,49320775037325;1,3057417676786;0,264138577311914;-0,0146807638767253;-0,25671568728929;-0,0303406339792988
"308";-0,710218329806922;-1,13419986134691;-0,736701589917914;-1,45095018582447;1,36967380639081;-1,66872346097379;-0,54184635105663;0,671579315921036;0,115651571612994;-0,562665496856801;0,732003601215872;0,277359764314916;-0,111111426166745
"309";-0,379958995785494;-2,02152875408498;1,92567686479427;-0,609092875687947;0,0239441817874102;-1,56514975924338;0,581639259456386;0,0964897894295905;-0,0603632824066273;0,12040299754494;2,23166078855923;-1,20529311183408;-0,350196895613035
"310";-1,62835000687291;0,632038229819887;-0,514981221866752;-1,31226589813234;-0,220210245019351;-2,05108193384343;0,0471844595356432;-0,341937806483455;-0,38282191140236;-1,58493766123061;-0,53510883269762;-0,369040085861801;-0,232101628558741
"311";-1,95988914862494;-0,0955594506461563;0,344412048235749;1,15625461962745;0,0340375799162411;-0,351123573277068;-0,332592981899224;1,52657704182277;-0,930059309489187;1,00063527106748;1,82445769876453;0,995959475296746;-1,0327210624722
"312";2,24425402634773;-0,344468430038006;-0,280932232077919;-0,358619612739409;-0,309884760341324;0,405808324108262;-0,133762349915824;-0,79037043886449;0,740334912908987;0,14391004632859;0,0462971997614217;-1,8848037896149;1,72387783992554
"313";0,0581388332734579;-0,981904087026944;-1,59218922929647;0,247368812332718;0,361413249959338;-1,05769188707078;1,03509653330888;-0,184134322603253;-2,16739001422618;-1,90210174352965;-0,24428775998889;0,218873456080333;-0,612040937915171
"314";0,281156588792699;-0,965279693926246;-1,85254472887728;0,962604575950488;1,00349094795712;-1,31069317839325;1,45801927686092;-0,970433360302739;0,127595007812531;0,025140001071274;1,71333576758133;0,172235465421627;-1,03210779707767
"315";0,894553710108232;-0,139838503852916;0,96977219813864;-1,51696955631346;1,41084989251795;-0,759948311079341;0,484575390087186;2,12839532487389;-0,757587649937735;-0,432558751283738;-1,36160068842272;2,58131917868798;-0,767401778102109
"316";-0,0917646707524685;0,0156388285009926;1,54913633804281;-0,445099405280572;-0,890900019468118;-0,0728420053984399;-0,954554278871768;-0,444817310446382;-0,158358997176288;0,101186414427795;1,82111394693266;0,764360291449871;-1,16896734538617
"317";0,577098040496339;0,968053974945497;-0,797487669818194;-0,470813908543139;1,1840946909181;0,464241760845972;-0,142870441804159;1,48868239529645;0,300391932060491;-0,858412904241091;1,24037583722607;0,222271851084718;0,481928282164367
"318";-0,877070169341206;0,37663240772134;1,12144522336218;-0,774914254666268;-0,456656962642012;-0,33065786792286;0,819744917176641;-0,402391731377871;0,287606810251202;-2,52487725916604;-0,524361738227108;1,3248318436022;-0,674292605095053
"319";0,67703111051179;-2,21065404959228;-0,739249415725736;0,848716351013898;-0,158075788913691;-0,160667703882776;1,12201553623172;1,12950116427904;-1,17351383247014;-1,13262174743294;-0,25021853845676;0,311903593405183;-0,0199826869261927
"320";-1,36911024067466;-1,16926342009237;0,403377508727228;-0,2816829429551;-0,859166445493388;0,101255977089722;-1,37956026882315;-0,271712344139007;-1,32946518276159;0,111161710256309;0,699772530742371;1,16049262836271;0,00801338205470919
"321";-1,60677627267543;-1,75082215903127;-0,850750466237233;-0,447481029514132;-1,79608492408304;1,58732020670949;-0,626797026834586;1,04634581700909;-0,85853597893779;-1,02414122574454;1,25467792086412;1,53327350087751;-0,798998468503718
"322";-0,0469555759018263;-0,955402305473659;-1,86140653565671;-0,478839445186474;-0,689627562080353;0,470522154228438;-0,449040030322947;-2,19065049101286;-0,0105302085520786;1,01914881478835;-0,664276966471597;0,756685553933729;1,65544576950482
"323";-0,977364292326774;0,072479043299697;0,166124979199516;1,90436097888594;-0,150668007669234;0,512758060773978;-1,34197608108372;-1,03997561785295;-0,612804528195556;-0,26576155402825;-0,343762654085574;0,500332489602119;0,236443164201379
"324";0,094653150826202;2,47852396269193;0,834222076527498;0,380542495651721;1,06232970529285;1,85612740250828;0,25921115791436;-0,310548416278502;0,264135548920045;2,16497752724327;-0,0316156730419452;-0,134447770998022;-1,41357008607459
"325";0,45222614958794;0,570136195151042;1,30777078326389;0,757759100003788;-0,941035333158493;-0,145474060803986;-0,152214359362143;-0,753056846867068;2,18006627190115;-0,454874591095993;-0,431995845011108;-0,0599782592696695;0,152766765914188
"326";-0,0078494553039809;-1,5618319224516;-1,21807015357149;1,33886303668392;1,77714403901471;-1,04605417707311;1,29112673529839;1,9127423259946;-1,50693763174912;1,82903238576329;0,24500063703943;-0,808133672853906;1,40718512381026
"327";-0,449812866754703;-1,62726641096888;0,0472153640142564;-1,2058594262803;-0,834587613299329;0,711373446771809;0,583931013588382;-0,448627314911506;0,532731216262867;-1,49253881760155;1,23818623781472;-0,0833807051006294;0,731858409397247
"328";0,872693445993015;0,220100891909736;-0,0825690834865602;-0,147404394568112;-1,95281392863729;-0,0269781280784097;-0,544070406685987;0,943687499915041;1,30120612603594;-0,597306635043612;-0,253224070421534;-1,0892174644934;0,886282991178285
"329";0,904146534238353;-0,966583654023884;0,00799390091219526;-1,14299450706002;-1,27094664502824;-0,967801280031685;-1,21473121638435;-1,00239826225727;-0,0446867569013924;-0,61880522109561;-1,03512022197121;0,396382465637144;-1,04505957689314
"330";1,15786546368875;-1,18938698986575;-0,350309012828004;-0,364971502144469;0,512176483494034;0,167755335175862;0,176062748016136;-1,15429456106849;0,905888867041877;-0,835901917037157;1,43304233014636;1,3992659131571;-0,939463520961042
"331";-1,02934070986408;0,419993875773439;1,81281262847044;-0,203043251836158;-1,22211415782971;-0,537659083150156;0,866699932660383;-1,0343201825147;0,677274602001855;0,72330003126663;-0,176744286976558;0,657798084706041;1,78227941330378
"332";1,13281834240958;0,410798901497521;-1,01948672762981;-0,370861244521221;0,365189751555445;-0,84810438768183;-0,937999254466217;1,13164898632951;1,06191154450678;-0,558170077298757;-1,81312519727242;-0,232827254125007;2,80341241460275
"333";-0,964209223641073;-0,444855179185007;1,36370444334517;-1,34650058645515;-0,902897520408428;0,3027345050146;1,40984513066558;-0,0730937799883774;0,870877545452896;1,18681922959822;0,06169440820369;2,0378321203696;-0,865288231828227
"334";1,06832773841847;1,14725999359442;0,634995559403389;0,126920288074952;0,873692539984029;-0,336530530508246;-1,00900669461271;-0,638579947433424;-1,0037142893374;-1,06340847610747;0,589193262941181;-2,43097199408426;-0,861041746743033
"335";-0,559455067399788;0,434671366581905;0,486572301344938;1,08489258164854;-0,782655484310393;-2,27618838540234;0,0656751576065177;0,510256082128543;0,136660271720307;1,61878662709085;-0,905274767147756;-0,561957433840369;1,04547218218619
"336";-0,912919438838863;0,719467813089451;-1,8829517046124;-2,23918991898773;-0,880121084398594;0,212609789676446;0,0749545629046598;-1,44875048787496;-0,587455630373937;0,214274263360089;-0,160318721668641;0,174554701177342;-0,319866729543642
"337";1,15649223351163;1,62174728151665;0,767239322630922;1,28185181139974;0,142507590612825;0,60761447577734;0,435649335844751;0,116726570392972;-0,80396169561871;0,833394113510535;0,602979569367348;-0,37713996773069;-0,386214922961981
"338";1,35770225067249;0,30239186345982;0,901237129753496;-0,667582884155882;1,29359283844384;0,260384085999986;-0,333831382088997;-2,05438942763762;-1,39803020446257;-0,0246946132079314;2,41221829031939;-0,618913540432572;0,389881361173103
"339";0,0486143079138658;0,710748127849636;-0,378670633937684;0,54726651457274;-0,471094863356715;-1,15033632901049;-0,321455853236153;-0,452244008814606;0,0765674659995035;0,815126396602874;-1,13060896084878;-0,629918903721774;0,973383922520889
"340";1,18427306473818;-0,756215059484955;-0,930662387700897;1,6505065260519;-1,71544642926648;-1,98235247706179;0,858582657950538;1,09127694267424;-0,0632342887500288;-1,03179581558903;-0,440508358015674;1,83065410443565;0,32935081854716
"341";0,67620690768729;-2,45296967192767;0,406952184580664;-0,662960578610816;1,41681974755242;-0,345331695867401;-0,870791398780392;-0,177188899347337;-0,330064062651838;0,519710233106341;-1,10187815263957;0,896568127860682;0,829344530813693
"342";-1,47677699911018;0,160297778864157;-1,20981638975491;-0,371599196826781;0,878018723574818;0,231314624398034;1,64774637517234;1,68394806797477;-0,0621789091146434;0,349398972670323;-1,06210471712195;1,2682270359738;-2,11983911215456
"343";0,319360585097536;1,04191078854933;-0,69913061453508;0,671775759411009;0,504222861489162;-1,11953028207619;2,04577015314193;-0,973252612293834;0,114580685658394;-1,53269307270251;1,16752366600018;-0,706515381950409;-0,00699199650943173
"344";2,28161357606882;-0,439659402644807;-1,49059011664463;-0,500069077898333;-0,579398958769456;-0,148858465652556;-1,56885879894505;0,0837878788421639;-0,353135182954269;2,30975737604715;-0,532835012750019;-0,0794782811916494;-0,104327306017644
"345";0,968072254130228;-0,414191875527123;0,0721587524688374;2,24221328990195;-1,83181277560813;1,47603961862499;0,911817493157089;-0,285378146976942;-0,0842237597760988;-0,525269306654164;-0,162127292140749;1,52848359942322;-0,599233458549228
"346";1,78526054425071;1,31685878790169;0,976117913247594;-0,375205917148444;0,645915947617778;-0,603203635715123;0,11937437576038;0,629421201979212;-0,831817837581369;-0,210207853942579;-0,706842059755023;-0,345035604586746;0,218395881246618
"347";-1,04622066470606;0,802615598875357;0,183943676083739;0,251980461925014;0,188742383958277;-1,03604206855868;0,815062160650192;-0,118281839804413;-1,79820882502499;-0,510764239935393;-0,00999925457394998;0,899717993256719;0,229168719143642
"348";-0,0925535727378621;0,714423610013291;-1,16543021782668;-1,17860185852507;-0,625174229526395;0,439804534068018;1,01156081711217;-0,441767568686949;1,17619101091523;-0,861587452461766;0,658480517887548;-1,04181274895029;-0,0490050001530462
"349";0,399361980023338;-1,36367515864815;-0,357974960879799;0,699347283183259;-0,146844942498356;0,955950882075287;-0,600776271835881;0,510965555770258;0,322761511861775;0,284361553764032;-0,614731177756278;-1,28028555013069;0,878895587139875
"350";-1,37061073252627;1,83999128459179;-0,682719922144156;0,901690545263084;1,01797718191051;0,124759924426715;0,108296949889591;0,69130163598209;-0,111224362007927;0,454172864901499;0,580499204634393;-0,0713419699686752;-0,133484737614677
"351";1,68804154720349;-0,897097252266569;-0,77109326209353;0,118092743248084;0,285763605213725;-1,03192642827093;0,258432149238188;0,0857533131615528;-0,272666549770907;0,855257119856452;-1,27167255439364;-2,12518090149523;-0,669362571145966
"352";0,938075066843183;-0,698073897305352;-0,314706017852808;0,037730538299574;-0,493420813068615;0,211892017349507;0,263831715743409;-1,72470806637056;0,890236004269098;-0,500855030275852;-1,21371593382989;-0,542594205191571;0,136077240583385
"353";-1,51471749419014;0,0896816910039784;1,57733425890558;-1,08907815327147;-1,35402557580447;0,636087452409425;-0,22271222710338;0,673247067361726;1,82995610693234;-0,486085090931333;0,200953714306355;-2,02909000820806;-0,481171918183721
"354";-0,805831594861388;-0,695922567106678;0,0304580439840695;-0,11307537012277;-1,15934763466232;-0,355623183454131;0,142403517800177;1,99561911764583;0,146574110346156;0,152349319530107;1,11358311217231;-0,673541941421614;-0,0211068047732033
"355";0,193751911065494;1,62814793528063;-0,00928702937778872;-1,90636571614589;-1,03426676712881;-2,02813979406198;1,498665558513;-1,51921316241417;-1,75255329310151;-0,148524718111131;1,34698939978945;-0,91159276567512;-0,774161877927609
"356";-1,37355272496785;0,134107573252574;-0,614290116062821;0,180504321220727;-0,256819619740256;-0,706761722552077;-0,726616640638116;0,420681009150943;2,3234945946101;-1,49331605452499;2,03292299202959;1,18570197625129;0,383855864452728
"357";-0,0628187737550868;-0,784567398638988;0,287407489078866;0,11876580349146;0,0584040378365655;0,247226627341671;0,539001076866171;-1,12221119817976;0,389653253311705;-0,844582310103863;0,384953226240039;0,729004209362693;1,78367525921822
"358";0,17054452750604;0,386494825047387;-0,632939449737838;-1,01438066747942;-0,242200933394954;-0,685546351320393;2,24271937281105;-0,767348738126376;1,4126455627944;-0,490148441914611;0,250614612443114;0,658733867958528;-0,387580944741048
"359";0,495699313672867;1,68097822636217;1,14971976851293;0,302885101460574;1,30745878227043;-0,450775094794224;-0,297256230990806;1,79490498951298;2,69017245287277;2,13740408841971;0,67090325941814;-0,0502154069136685;-0,0374983815895263
"360";-0,219477143248311;0,50224190603326;1,06437027617626;-1,40126347123448;1,82759459012482;0,355328748082806;1,50198778364611;-0,16020191235307;-1,68995113069182;1,00645636966424;1,00868443579955;-0,771646025163639;0,829575709403253
"361";0,376369505433689;-0,593547183804033;-1,04173341892474;-0,415305015043903;-1,80772426957041;1,07497676586881;0,813071424871196;-1,00141805649384;-0,749452006101728;-1,42466992251999;0,434908945602666;-0,731172792937808;0,340921815988802
"362";0,823368050720283;1,16906179689181;-0,585040453816134;0,269381209470304;0,939220146617486;-0,573828259510295;-1,33632944638131;0,315853007289274;0,573221357401979;-0,164191697917627;-0,45963851205018;0,892240559537697;1,38482687395961
"363";0,12920959188986;-1,66393044409252;0,0991861908934747;1,72895327728174;-1,59191509503517;0,730041479477471;-0,24788151815269;0,254526287127469;-1,73611445354192;-1,74376537453853;-0,603804188215287;0,529116639075886;-2,02267943409955
"364";-0,820286422823444;-0,0409566466368314;0,209321907906327;0,948882491657499;-0,338091315896045;0,646510246224968;-1,28342035999427;1,20304575196467;0,460104336675498;-1,03947962045971;1,17592955287438;0,194200600835152;0,997129737495391
"365";0,493575257133993;0,593028535617137;-0,992799360039518;-1,70475044695154;-0,577050615570197;1,08799447090967;-1,05295707204381;-0,49356384553771;-0,494905613320893;-0,377686963623808;1,16517535377671;0,350803179663947;0,716198347274295
"366";1,60688604994262;0,370674506581264;0,87594111940433;-0,737145328537988;-0,245221739468691;-1,04554717613971;-0,820257603582441;-1,37300632679075;-0,995425117728122;-0,617732223923208;0,231807135005463;0,866942378892699;0,00923635794359126
"367";-1,33641818470934;-0,0852193118534701;-0,659763953913505;-0,362946427968573;1,25624967661821;0,652555909595907;1,17162582489283;-0,759868408966445;-0,341759170511538;-0,610129528908543;0,0527546987686561;1,48959154064106;-1,80104752356641
"368";0,780229406995372;0,71940445272066;-0,320601118957043;0,118066249244269;-0,46130573064838;1,31407381767076;-0,401616650953965;1,8413027775442;-0,163768159498951;-1,02690441832514;-1,88670281168073;-1,17837539491739;-0,248743006711672
"369";-1,1137209083909;-0,258591683887817;-0,807978388119293;1,88199196629262;0,882462056077295;0,54157324714092;1,28472442075761;1,0089229688533;-1,31953573976696;-0,770729358018133;0,404505345492009;-1,52409589929907;0,364073499456662
"370";0,83522025835002;-0,199906349695295;-0,378427081900793;-0,535480350072188;1,2827100124923;1,14752611942278;0,201044263180309;-0,0268340171086766;-0,632403406199834;-0,535699953494433;0,996647961447728;-0,52690541152765;-0,2794468652167
"371";-1,38572142118323;0,278439806621432;1,02987277435908;0,517035894238908;-0,72835140356022;-0,344668796143094;0,29446532968078;0,22462945841766;-0,601730450609662;0,641321228585026;-2,01751029507436;0,542922976074337;-1,35701259774281
"372";-0,975832296250154;-1,817049126967;-1,30058409560914;0,329939251199233;0,761424602308092;1,08705797428866;-0,740252025389926;-0,522531207753856;-1,15846851684901;-0,248987482239896;0,719952387602524;0,611515654551232;0,967297830976887
"373";0,197427561367866;-0,0301914987138744;-1,02495871607815;1,01885700965425;0,195529120007125;0,251096627291021;0,718804271541687;0,262626109620066;0,268767507738406;0,748395536917707;0,154019735454363;-1,1872037624916;1,85358784621743
"374";-0,32937344156854;0,441777346369177;1,72832223034928;0,580199241195507;0,92975334261259;-0,736059997282572;-0,192195958824958;-0,221008953835886;0,2599941973911;0,654404661487396;1,78573589849959;1,10685569428747;0,956632460351543
"375";1,10747768457831;-0,424714413925002;0,333047798039494;-0,226712001364242;-1,39946473392911;-0,102569426076933;-0,219207400977564;-0,733615928632926;-1,0589719214794;0,675729055167317;-0,304333906052097;0,0176482667204479;-0,152682836920375
"376";-1,30737785031445;0,938373070271078;0,544494339603548;0,225266240645539;-1,08010378655907;-2,24792697677567;-0,400909356354587;-0,63687434433723;0,457907466043164;1,74686418721855;-0,224501136134624;0,852553020023872;-1,13008301633373
"377";-1,56413463559338;2,5727136766684;0,140614842876274;1,98539264942817;-0,900350978644993;-0,376249132387648;-0,711332704916389;-0,737400811202211;0,225943636783316;-0,00179792976252645;-3,97316629887075;-1,29488319175562;1,57547792403537
"378";0,241248124353075;0,516730667179648;-0,604433350558666;0,903433832920566;0,66981209557569;-0,687266697040672;-0,535530576229739;-1,10612360928969;0,61010339649148;-2,11169942562179;0,182081646123449;-1,0519852312808;0,608497850127258
"379";0,336143793683371;-0,210265215165051;-0,462707200394166;1,1247120973165;-0,155551022723775;0,241169029746549;-0,949952199671248;-0,31995170273043;-1,71891158151522;0,581493156178369;0,559729869333812;-0,581161555485391;0,00665268022281246
"380";-0,146058158477987;0,8237138104411;0,130925094170674;1,05129181881242;-0,446683167299602;0,0179924143037575;0,658908033940375;0,456366612056657;2,04799581810634;0,269860351639858;-0,308712400758431;0,0439749720786647;0,221055630091996
"381";1,82304948585241;1,21436322122425;1,29861539168296;0,931564068222193;-2,6743867203677;-0,392461058930739;-1,52394639881168;-1,86215050124616;-0,802954562668605;1,14703640260867;-0,51957142816705;-0,349285285596836;0,707003936901248
"382";0,920617837262413;1,36745932653698;0,494764938738336;-1,27715323686213;0,9956087890993;0,523563173372726;1,02109921867429;-0,72168025221066;-0,643237590118611;0,307999240853375;0,948835282953925;-0,244932033289755;1,29132133646118
"383";0,485941828926142;0,417024448418767;-0,782372817794116;1,06391874373197;-0,846239724521389;-0,172435453475706;-0,950287228892159;-1,11924165075021;-0,671254839115883;0,142031226384037;-1,14136466111701;0,783406302732912;-0,784536329541758
"384";-0,394958845846319;0,201316059038799;0,143786046204784;-0,847283887049347;-1,61208880601903;-0,807261045583911;0,533885110630317;-0,215916286239247;0,0599169212296653;-1,16530171907279;0,511681324768742;0,602061043840836;-1,03438625215324
"385";-1,67328729120577;-0,134833633757049;-0,826214117734678;0,476358202208974;0,307291354448215;-0,825390681700149;-0,292321590113353;0,587276036356961;0,367052660311389;-0,442547759299646;0,580829184328145;-1,46442825373265;0,916047769657611
"386";-0,158581692128499;-0,328087732365243;0,163713444741507;-0,561070550110151;2,10570014483109;0,670272903049398;0,930906218778606;-0,385518094466061;-1,06595493678371;1,41044354421042;-1,03808530079357;0,708972269307204;1,20869139046923
"387";-0,53462923440941;-1,52384711728303;0,544857888223461;-0,302859566047979;-1,90204610667725;1,57527570097973;0,294034479436575;0,464582088513671;-0,0365367604004333;-1,04710854602765;-0,375286519538758;0,947226491834972;0,0372941285133327
"388";1,22072126725511;-0,088019042857795;3,29870860999517;-0,720919034778262;-0,191057271410488;-0,184669684918797;-0,48951681644078;0,597348206075814;1,37571904466842;0,528408957868834;0,25695596641871;0,588032495361913;-0,39163062721843
"389";-0,0207452820222734;-0,456757640223765;0,318483383599682;-0,374994792669719;0,939814989574803;-0,151582157931054;0,789545333724609;0,903352171267978;-0,365310556990925;-0,371759725286158;0,51272561369494;-0,346508484800588;0,712795179921495
"390";-0,513464233339208;-0,222288281796646;-0,29877240756321;0,373023550882577;-1,57833889679591;-2,57316809800412;0,181081605274507;1,4699824644105;-0,0771717536480684;0,536519562185378;1,78740220575038;0,972729277489649;1,36582864155851
"391";0,866455796189504;0,349802286126434;0,348918663274515;0,624310041320548;-0,999818553748988;2,21947279218534;-0,235523146890171;2,23289625572861;-0,387083737092608;-1,00187837427113;-0,760085946439342;-2,13162509467073;2,46321734488907
"392";0,306923258708749;2,25970936881428;0,337084233838448;0,045311777525863;0,610381530741199;-1,33996901020745;-1,8317497901486;0,858943493825552;0,825030716102659;0,909423389128443;1,43441364692438;0,606455637495788;0,734049747711536
"393";0,498654069818907;0,776447907173587;0,281553968116199;0,472830282371993;-0,575272985114135;-0,0179894328298287;0,0898561754076087;0,0968441821573418;2,0361416896991;-0,389987856744116;0,736426562326952;-1,66883230537892;-1,27742047993503
"394";0,245391928654303;-0,432943546648679;-0,686899261370426;-1,11186459055924;0,146449180430791;-0,805160279764273;-1,83093402183382;1,80943937103575;-1,18697608019811;-1,62235193346327;-0,250625039645477;-0,337251930378252;-0,977602770677398
"395";-1,29997808786081;1,16565647973667;-2,07088540692018;-1,56172200666752;-0,678621597273704;0,184909818160683;-1,0092465630665;0,922511351909314;3,73538282627484;-0,749554717928978;-0,368153316512001;1,28499909077876;1,55551147360755
"396";-1,55311889114247;2,66699496659092;-1,23169929232251;-0,743791831265834;-0,0684397017363904;0,273226950838946;-0,277258714188174;-0,509982870432122;-1,15485615150009;0,699669910642385;0,0692112751429392;-0,365316701229548;0,712320628771476
"397";-0,537283684915737;2,10761428000856;-0,205195493886374;0,0463598281705962;-1,69070610877911;-0,057806325350129;0,167549753508696;-2,13053128328952;0,725978352820272;0,631714155129331;-0,125099789593035;-0,389573819974726;-0,689831667961024
"398";1,08747207330807;-0,225929763389603;-1,80271401889396;-0,0145940163764385;-0,533578158693751;-0,44428710098507;-0,372556019640873;-0,172800374232416;0,869009694861805;0,686795857653193;0,353752225635266;-1,52484947206105;-0,594466393745307
"399";-0,969396660513739;0,558836064069356;-0,808851299699493;0,543893465097449;-1,78039374208374;0,00548155388288096;-0,846030518092463;0,189483603719506;-1,35942940881731;0,439572131532198;0,868051389025942;0,101169000520345;-0,634923829846824
"400";-0,499758934636973;-1,26070692494377;0,677300061823245;-0,270224858006322;0,309005225791612;0,269117985206377;0,169565153542286;0,718608832902602;0,322657429035482;1,11497470639138;-2,02771920583428;0,663787917440106;-0,979676736805505
