"";"V1";"V2";"V3";"V4";"V5";"V6";"V7";"V8";"V9";"V10";"V11";"V12";"V13";"V14";"V15";"V16";"V17";"V18";"V19";"V20";"V21";"V22";"V23";"V24";"V25";"V26"
"1";0,247532818614729;1,37799476556075;-0,0769324735254024;1,5388904519794;1,03376635106329;0,993167162551192;0,983576634326425;-0,734662611169898;0,0578748361892617;0,785284930951054;-2,44333734095995;0,019821176464731;-0,227653825503842;0,524760366545016;0,652358625248095;0,198955379167268;-1,55887881332477;-0,882383907032875;1,60279789634205;1,37491292036152;2,21148015879175;-1,16733775171991;0,14288391202709;-1,62622588960131;-1,04843623070688;-0,524884561883173
"2";-0,334921037360427;2,76661943965073;-0,643207483788774;0,313505327367582;0,690262643842002;-0,0522346784168654;-0,72779651943107;1,82616655606159;-0,696514017156696;-0,221020534800064;-0,94593805981749;0,0877738226230306;-0,65386275519495;-0,177030628766281;-0,516213422729084;-0,805932776218846;0,122484841049705;-1,04340196520715;0,423395591243334;0,48279859814266;1,53091140063298;-1,0245127248626;-1,39419721694343;0,723750684308948;1,08972473463728;0,116072151976082
"3";0,641034766891166;-1,59994760494092;-1,99377103835281;2,09154915005174;-0,0661294624256898;1,36545234907797;0,518506099901386;0,308853332156527;0,981919259445205;0,463595167884588;-0,12514696126574;-0,427428253897253;0,434002182587597;-0,169837904490749;-0,118587425738905;-0,497658864160143;-0,605535995695473;-0,965114336589282;-0,451188101051759;0,163272639545477;-1,71103734343657;-0,492505439975072;-0,826310875975267;-1,00418603638023;-0,628567188120182;1,0542158657211
"4";-0,18290296204183;-0,872740289296973;-0,0536242267256895;1,27794261592534;-0,449397274495447;0,346405306787356;1,06373323762185;-1,03828404537562;0,220631637963177;0,0780903516428989;0,958122533424014;-0,74990215021942;-0,139796208290519;-1,89534634566745;-0,17654595288382;-0,65726522489834;0,657259992678397;-0,763191240890801;-1,02123410145959;-2,87450105121778;1,40488360201385;1,01142358755125;-0,837475736642339;-0,599865394205659;0,723175094938842;0,71530219521625
"5";-0,551695800431473;0,031029369453181;-0,43382246678779;-1,34302475125434;0,537755692381937;-0,667931057704541;-2,07167415719621;-0,27268691599772;-0,917393338622561;-0,134041834153521;0,401345515083184;1,01388579036752;-1,45810257156628;2,09479009281076;-0,239142069337364;-0,462920851027561;-0,313908018403569;-2,02649853865381;-1,16182554528336;-0,718550083431145;-0,585212082427606;0,0423039195562993;1,52970658100683;-1,41227663372232;1,12488577650909;0,745161889598878
"6";0,73676375006926;0,124665423406677;-0,575043217259978;0,13305476885405;0,80095095757468;1,49958019438473;-0,269242671492254;-0,00936689257157716;1,05722086633824;-0,00353941584492662;-0,89984674629361;2,25612206615301;0,321964766120937;-0,0209236440896908;-0,586857741330251;0,393439125061899;-1,03154864837645;0,514991891981232;-0,378033054939639;2,00004597462171;1,43960991674081;-0,0524152725609531;0,129190736862399;0,367847128905295;0,0845241791114785;-0,994548273638678
"7";-0,022330838273015;-1,18821751065211;-0,804648388819388;-0,862307447500484;-0,758129638125701;-0,141005705112137;0,988882791560605;0,161765778279036;-0,553407878707247;1,11002182145703;1,09841201091884;-1,07630206571338;-2,81551327002495;0,79859422320509;1,52528457014266;1,72613850664259;0,970193143673494;1,33303118661612;0,273045491879545;-0,808377835240274;1,53259563211419;-1,98446568984404;0,233394336390615;-2,00385751513336;-0,857400637015461;-0,114581278847153
"8";-1,2643761095895;-0,0276372856484828;-3,32727247246434;-0,0682931026479126;-0,00952491015051542;0,141111964048001;0,449678033125688;0,0642658239332634;1,13166760529039;-1,09408641884793;-0,330076450526986;1,72389291117567;0,892505558893556;0,525120494281271;0,269191811389136;-0,940576276376725;0,57513623570237;0,264097025849298;-1,21001026123273;-0,683971823907529;1,15722271548126;0,797854043238726;0,0258268835496546;1,10292091834411;0,0929207752416663;-1,09370410999908
"9";-0,0667978503638098;1,79287581537296;1,63242513781202;0,210453353057754;2,50037494811145;-0,182660418069437;1,41741260023256;-0,0560916449048035;-0,245651052871111;-0,0836865334867115;-0,295727368890659;0,100748866466592;0,543751186658489;0,216471539191123;0,495122660791248;1,81465405560648;0,285990945963498;0,64631008784365;-2,32557311131343;0,639398787955613;1,22969880955343;0,329914750233236;0,50573012196078;-0,692967939744798;-0,849256943080343;-0,992772320510531
"10";-0,780268634836483;-0,995110371733378;1,12842573419567;-0,304469919794412;-0,139783018337173;0,121741557867737;-0,615747608085879;-0,264698674627235;0,0777946513364316;-0,349161376543572;-1,63253559126415;-0,515931156340164;-0,0736373623793069;-0,00653422395954716;0,964105815003812;-1,22581051986347;-1,19134975167768;0,20396508740072;1,1045560058941;0,696093777860687;-1,02656568200623;0,45399216308807;-1,12134992681024;-0,52319809918679;1,29548373299609;-0,452988630487416
"11";-0,980663709087708;-0,435651802615835;0,0832356652866811;0,585226321937583;-0,419606972917669;-0,375162347819397;-0,540749190615673;0,0115207863036371;0,885192099885069;0,376893448717304;0,478978021308642;0,756209287435697;0,687554839491157;-1,43669840599061;-0,0173694949680891;-0,674727913643954;-0,737698988612457;0,676839520179201;1,0927955399657;-0,0624430103971831;-0,71932087170901;-0,084734195444508;-0,962903618605426;0,393103008450158;1,08721458733691;-0,160786809387749
"12";1,11985067364957;0,7238924748852;1,37459299924101;1,13673515070241;1,59471799867196;0,637797817916068;0,147820865250974;-1,02753794340695;-0,562332705399239;0,0389820885817723;0,407726068741165;-1,20288008834947;-1,216454096679;0,96297366313397;0,66713770746467;0,046384816589678;-0,165883594461584;1,70282650278208;-0,571102265220184;-0,816857646803742;0,93269229559205;0,341071549929726;-1,18658116854391;0,409994562427767;0,924336787569497;0,75470487894065
"13";1,037501246035;1,17118756258561;-1,70871418487175;1,53557263265509;-1,77398134757597;0,969709431823054;-1,47935386620209;-0,147965051603881;1,48272908731076;-0,42231396596639;1,00927298080545;1,15022790236842;-1,28790225903813;-0,0894952111454291;0,505452108092662;-1,80282841396132;0,563057849210787;-1,96731583573291;1,20596687211996;0,20904286069991;-0,556629332787646;-1,56322217808865;-0,605064846681491;0,302796934236501;-0,405979043066709;1,14961624977983
"14";-0,895939749719377;-1,82579486965689;0,381783896134315;0,843120818628351;-0,197375115567029;-0,583152562183383;0,683046924001286;-1,98588012022698;-0,0645383206459172;-0,738696537487673;-1,4236389657799;-1,17930665462996;0,85005828300146;-0,272945076505159;-0,378498649361569;0,279318684599692;-0,0672593321400474;-0,570786010897512;0,0368001735410035;0,58053054849677;1,21487228603746;0,493054756961048;3,27494547026106;0,108414405956569;-0,486987718077543;0,369484985911901
"15";-0,761650667957908;0,725390277795959;0,618703033975434;0,0791407272321274;-0,471216959130605;0,266876137271212;-0,640409343703312;0,24432354369722;-0,0456694329853078;0,406620550953089;-1,58460466439121;-1,46884543751318;-0,326872432461637;-2,58554034616179;0,22684785729895;0,621110058253715;0,534361106757473;0,391540993986156;-0,12425115955413;1,2336996149547;-0,284409207131394;-2,42243908125858;-1,61993197741397;1,42617095191808;-0,163978200953529;-0,66563624644936
"16";1,00776065708304;0,079320095853268;0,122481282506066;-1,19568270425566;0,237923924998682;-0,516024573796183;-0,165399369736996;-0,556884526493385;-0,233640061638787;0,886697623307565;0,702227392539786;0,433290205876064;-0,532141508119945;0,268061402739971;0,198448558804551;0,466698614070163;1,23164659714115;-0,306742521919273;0,55330941578193;-1,06612565761905;-0,0422210224135847;-0,00369851845570926;0,531737026692624;0,303969074899969;0,7812440527172;-0,435603625921183
"17";1,5359056816983;-0,865518088237947;-1,18331331210018;1,2762545751897;0,39789789397348;0,987356660065291;0,874494762019504;-0,229650048008457;-1,19794321679985;-0,566311051697638;0,457323334613086;-0,919388462787113;1,34068251299978;-0,137204713775327;-0,13523725448038;-0,878343747208962;0,335610037477675;0,702017620675469;-0,640432916411234;1,62987804518725;-1,31794712219019;0,145228771920496;-0,274481802118004;0,356881370788263;-0,167162498860163;-0,466170374170432
"18";-0,59617241530286;0,284053837209395;-0,431223450807397;0,906042753183703;2,34422091150771;0,56891408841525;0,521189187480441;-0,8019148947973;2,20547174484634;-0,717373043610809;0,152778410482481;-0,30744390439044;-0,215147051086154;-0,268908957189787;0,19045596155244;-1,37807082542043;-0,58111958487157;-0,235826648344835;-0,961494347594953;-1,13259736191012;-0,649330261747856;1,02433807424869;-1,70885312827676;-0,314150086567995;-0,238121371389768;0,565746471783055
"19";0,756485400231868;1,86222843405517;-0,333175081108195;0,901396177720308;-1,08301507818036;0,160826515070006;-1,11249264425654;0,767833464364152;2,29798273175805;0,0855141051192958;-0,949980512258953;-0,604877056689575;0,298931865666316;1,2354123448573;0,890289238803434;-0,352808460498848;0,239962170682932;0,0646956503864921;1,38091143383271;-0,590132144375559;-0,0567389682594157;0,396006800013028;-1,0382261598323;1,52116104381352;-0,342136549897294;-1,00531143390393
"20";-0,506629818997016;-0,308548259781724;0,0642920741718318;1,08299467191899;2,68954083223984;1,50454975439057;1,02953734691342;-1,32817095803764;-2,02983278279651;-1,33249109346152;1,69492338910021;1,53687948455915;-0,539798760543569;-0,346945405852413;-0,648757621207281;-0,581920483507695;1,24067024908744;0,0983014522454366;-1,2643005527145;0,215534052291266;0,111187813186839;-0,23994193580279;-1,33640881450646;-0,545138970978857;-1,44020915912834;1,61529257126266
"21";0,819422879262277;-0,987165508533047;0,55611671836922;0,655961554771164;0,0261845067549014;-0,304839813418444;0,899813761564283;-0,48961474174831;-0,0140553251517738;-1,73123783979127;0,556215609745313;1,31265622219254;0,0817602172002433;-0,0197165149050412;-1,7185777879866;-0,737799976338383;-0,96302044225339;0,091004118588709;-0,935426580992075;0,153602236534012;-0,279523491079131;-0,958858316012891;1,23102806402807;0,240315888233294;-2,01580966867643;0,178877840655311
"22";0,443855056329065;-1,74118139937366;0,532049809990744;0,516931021145273;0,054753686353551;0,0699680629597203;-1,22011482350794;-0,873686873811902;-1,13140777831271;1,20472988126918;-1,20767153332131;-0,608187967602482;0,0886166309796689;0,515112659208894;-0,387048901786088;-0,690608494043664;-0,4942321993017;-1,96428993915485;-0,594788056198098;0,473462773617157;0,00606037875016685;-0,214729825676028;2,67224212462405;-0,445288631505036;1,00089278885227;-1,23944932766487
"23";-0,750632687304134;1,17571218012303;-1,45807023526751;0,215299596441254;0,936979701333346;-1,30384436904402;-0,663427418045363;0,651572368150312;-0,856194340831165;0,863038472378926;-0,987989983587685;0,509621364900652;0,550687463384728;1,16753239358868;-1,11018207441557;1,66769182249097;-2,38391797024284;1,59376124610701;-0,364211371763708;0,795738284099421;1,55617167644163;0,382058682397222;-1,3626125597802;-0,469714787650392;1,55439628816552;-0,217823658942762
"24";-1,44361818188491;0,15067465634295;-0,0846274080483498;-0,519049860198841;1,27761371557338;0,66463854401315;-0,232602579777648;-2,06283741491182;-0,836895236857079;-1,46326607687843;1,47194522696406;0,528738998412823;-1,81841613548639;1,49023049278311;-1,7668222050916;1,54949360835061;-0,214496177878504;-1,82570371466057;-1,56868186521902;-0,857141051541386;0,223007208561996;-2,40439960448033;0,834561427818674;-0,660473351223479;0,143911344717899;-0,0110497235053369
"25";1,37619470703413;0,64318206708184;-0,884792280760096;-0,65201033660076;0,993822611724337;-0,544787367204384;1,18688602207787;0,621323752711082;0,17360039118898;1,01159169392837;-1,10284534796808;0,0720007662090836;-0,255947501857939;0,694297132154843;-1,52716676505878;-0,727331778250456;-0,664739321046993;0,962400213489077;-0,769100178775524;-1,235686253812;0,042948151176272;-0,0613637694115951;-1,09632548015637;-0,368950062612814;1,61665672626001;-0,365971069989765
"26";0,589477500475752;-0,643142659931647;1,27554352794439;0,651616273885323;0,562347591232931;2,09188530678727;1,44998040149641;1,73562409089903;-0,907518120807436;-0,981299955864703;1,60418262830345;-0,323980274479786;0,253767660582802;-0,820095696265948;-1,04853264787005;0,0524113959162507;-1,40667832739488;-1,16239763484006;1,57353275361174;-0,549835891028848;-2,05529047445509;-0,453061512798177;1,24417690114569;0,464955997374853;-0,361529589852402;0,511285128046644
"27";-0,100131782019423;0,0257166635709803;-0,811659375691204;2,06716142203882;-1,00024785092947;0,408764577798388;0,307044877259298;3,39114262316019;2,36485949078244;-1,99667554429398;2,18361431590674;0,531106537299728;0,711080392243538;0,256482808234914;0,594098942387528;0,288094744059035;-0,899679616949635;2,08314592080946;-0,537688074443606;-1,2705644351623;-1,524214538459;-0,495504901059219;-0,637826281556201;-1,10076381884735;0,213179102641826;-0,167701388455358
"28";-0,607170297632133;0,208982682776211;-3,07469714652546;-1,34091445607901;-0,336795059634579;1,75097088931382;0,295232623575529;0,0086580199831137;-0,111978347767369;-0,965312321013244;-1,04307874138038;-0,641282546501871;0,478220999783185;-1,82704164448821;-0,0859879896665823;1,17454326506773;2,04531143699898;0,036555218589867;0,0200047158342467;0,520996445358032;-1,03165171185385;0,244293035340872;-1,2425534876785;-0,51123666692631;0,973788381084086;-0,610373266671889
"29";1,12767564724249;0,969670998225022;-0,33945826903575;-2,38430976195318;0,788002808211783;1,70618437644723;-0,110494111132151;-2,3906913680051;-0,579963466258061;-0,97720250347944;-0,606489014062803;-0,415315641243156;-0,421501964307364;1,61735791838238;-0,44052933621021;-0,098366660450902;-0,765748517236056;0,160825776794775;0,293606850876138;2,38176580106714;-0,614251308796946;0,820771319188702;-0,475909869005528;0,287463402661229;0,671795282717345;0,220194840472466
"30";-1,03839007543773;0,0539777966193573;-0,646373715753478;1,26266822993415;-1,21612552012238;1,19404176642979;-0,174353622146672;-2,79606979655473;0,379852331273491;0,00651584930381763;-0,461420635904928;-0,794507394499213;-0,488891764550396;0,0157552195419846;0,975818898610598;0,946380662719094;1,44201872005094;0,392397064775107;-0,460965894259948;-0,855784250090034;-1,26846273389487;-1,55495746810071;-1,2378902430875;0,125908359480738;0,638646301331153;0,740350340614622
"31";-0,0737177566733151;-3,27985313771412;-1,21516779929297;-0,354447421832842;-1,1366530967213;-0,642301677298595;1,03831587964562;0,724952818933532;-0,656312159446565;1,58381859975443;-0,661977398750776;-0,296655795947886;1,10318418147873;-1,12574510302035;1,30135429115075;-1,56166510615457;0,907153188753221;1,22170581781085;0,326644427900583;0,178123694355708;0,0793991265297893;-0,830676097870628;-0,531882557140092;1,57248637315239;1,86298265067804;-1,08694805903298
"32";-2,62084934416825;0,740214873280137;1,44288393568779;0,271608303195022;0,605627970750183;-1,22170486702895;1,13500800298739;-1,12817301857238;-1,32384463070804;0,28253887715656;0,643186138878836;-1,11855297738301;-0,757635866277006;0,0889531883602059;-0,970643861011197;1,60949438563355;-0,0425330905818909;0,417081176578326;1,14984645840716;1,01843550610038;-0,393197896479113;-0,913324792133165;1,40558511860561;0,885414309969535;1,02299499195517;0,355137583571385
"33";0,300117364407502;0,913933237315508;-1,56601083576609;-2,33076751627809;-0,692689278278025;0,768444942655455;0,361344237843417;1,81204310249757;-0,660459986559529;-2,09306292757592;-0,376698391730705;1,01729767744651;0,85209630221599;-0,855614738033843;1,0887656482522;0,68978520226653;0,99938744650959;-0,995860252229863;-0,000365698539275788;-0,0982078907262941;-0,128672188551721;0,832959007690485;-1,50970322253809;-0,544952158997236;0,672493949934458;0,638799075275664
"34";-0,977667136288556;2,30516558419228;-0,258746608318629;0,176558020871484;0,187899923395098;-0,244023142911701;0,372738566898909;1,841696124868;-1,23635603873425;0,707939867671526;-0,0116715601736066;-0,710714348360229;-0,911017942590587;0,773146053992135;-0,63686782637871;-0,287167230797381;1,09964125684028;0,632212507909451;-0,925098477427805;1,12193544093879;0,965448603727543;1,46248366786062;-0,89815338547908;-0,119717046790851;1,05869794570075;1,78573345610525
"35";0,288827221031024;0,0450663536568753;-0,252780950872657;1,18156322933918;0,185091214027878;1,98902272356808;-1,9546992734024;-0,425480609421989;-1,23881727597135;0,0891905752402027;0,462868699437999;-0,323377027761272;-0,54621900440427;-0,218839647445346;0,524393264011691;1,374866272979;-0,405583956472368;-0,967284784092272;0,302913006386736;0,572195674782957;1,2269490211605;-0,539183258639215;1,84309261475778;0,487450081397254;0,445911007008705;0,435319686085085
"36";-0,613912432684268;0,172060814872763;-2,32989022970554;0,400007072326672;1,5588481694791;0,516776700967371;0,850922533862506;-2,15767223495705;-1,33971624169471;1,40133631750187;-0,71268137467118;0,961878847712967;0,357351846641224;-0,185492757353966;-0,756880652847733;-1,38944380680053;1,25408605695213;0,346690944252411;-0,190173931733759;1,34456519873778;0,892496062293777;-0,044117709634926;-0,841049465717263;0,168498651617136;1,10365299177764;-0,792465915492826
"37";-1,61038602006832;0,758345379003434;-1,74714244074307;0,406641817666366;1,62855046295248;-1,12334576820395;-1,53618362496736;0,286790260403711;-1,23999974236382;-0,570649476231443;0,92031456834813;-0,941449356518888;0,894288699927696;0,0872295545007006;0,457932458555709;-0,747091012190986;1,98425445093767;1,38962962465881;-1,7374482440545;-0,186923211524777;0,368914408525952;0,851338358478349;-1,1577152954445;-0,115605173207522;-0,645929627436189;2,05492488481202
"38";-0,997189858328916;0,926655211290442;-0,588503050165951;1,10266786879865;-0,129827788218257;2,11449289043323;-1,68150942289237;0,0904017654923865;-0,240720665455913;-0,728132351574975;-0,186245075567815;1,06190780794301;0,780199229192703;-0,956502271757271;-0,45059320487198;-0,616638819625223;-0,144361596714426;-0,419861460786693;2,6883376082442;0,90640697583698;1,93596183917998;-1,73811925691745;-0,140862749772648;0,312680039504274;0,349517296168657;-0,39381512456781
"39";0,58298327920724;0,242474329936206;-0,111259702141188;0,00828385811727202;0,500524691198161;1,06109007508868;0,0991132201729875;0,301597826720426;2,00744946788287;0,748969340652332;-0,248285255645398;-0,232794676710141;-0,0356050393201999;0,568831107104138;0,973686058421305;0,668580053261565;0,209558950086892;-1,87521641171819;0,303728636964831;-0,851193340648198;-0,903495109080224;0,253233099762953;-2,29067141678791;2,70381457052321;0,722853431382941;-0,552510657291611
"40";-1,00059316806153;0,528657894355028;-0,182658856254542;2,43530730232217;2,20654653255029;-0,0205356148683229;-0,388057964402056;0,385166333934236;-1,3897044877083;-0,651954142375537;-0,210497856506407;1,24542785590655;0,220830957342345;-0,362287820445342;-0,59059502203754;-0,36994536283981;-0,358935113024971;0,769709261407557;0,292068381318136;-0,38041927264182;-2,41148047366671;-1,0260064740853;1,21373600263842;0,103743771477804;0,161662138160647;-0,141605961472403
"41";0,0813669617913783;-1,09861883679065;1,39141081631092;-1,03930850935547;0,778415460389507;-0,983795746029716;-1,17698827076627;-0,952114805912832;-0,204417887482102;-1,22076903222795;-0,686269358874529;-0,0343512454236048;0,58007738114457;1,11313530763763;-1,66364136776241;-0,651369465564169;1,53761351355392;0,838973447060107;1,13726294723366;0,670864410396426;-0,499434105181345;-1,53542813124309;2,13509277733676;0,237677191751931;0,889593179602206;0,72722303068643
"42";-0,924598050389417;0,885952500373991;-0,386151853666055;-1,69421208824774;0,851652292741178;-0,898679308094744;-1,29872368680892;-1,49998731827448;0,742515935903127;0,545617653870016;1,01674714036722;-1,73579519279607;0,161997218950276;1,48811273924284;0,681510098710378;-0,173573000231165;1,12033639839432;0,102032563457957;-1,08629628566228;-0,581696860292214;-0,809937719308166;-0,514082836484728;-0,734936778536792;0,19830330956001;-1,42551545703202;-0,0738107998859334
"43";-0,0229114827749142;1,58994398438001;-0,750363907963735;-0,718143782832144;-1,28466858061209;-1,49576100755313;1,81813097747963;0,2472282977417;-1,50445749945033;0,206154202453824;0,583365400662706;-0,894584356688246;0,330627392622818;-0,278711452763886;0,340697865642227;-0,646737368005355;0,652763005564934;-1,44671762943812;-0,657906407600465;-0,39280790156412;-0,800845725487478;0,153394421886219;1,47550956345122;0,520440996858976;-1,12803098846908;-0,119985564946957
"44";0,253443614844858;0,0740942401070446;-0,350890217780387;-1,6914298851299;0,987041489643365;0,29393475769438;1,66840482630125;-0,0985205937654012;1,06301635984061;-0,826509325554292;0,273628223311037;-0,311209518743423;0,217714803408021;-0,390264069986319;-0,479452540931299;0,91350203238447;-1,68263014817395;2,19916857477874;-0,0783941180032969;1,18176738682909;-0,186061602520044;-0,187941195397161;-1,10687391807686;0,443149467850828;-1,48311002723663;0,646868638928454
"45";-1,29197459894412;-0,190690704423561;1,04895647012185;-0,636846085979424;-0,613974522424252;-1,61327538474782;-0,620042348122482;1,73322318354419;-1,81219853356416;0,194897847275403;0,336249443250943;0,962907506955643;1,10543513178942;2,05613228383518;-0,144336405214389;-0,864525555885391;1,34249304997806;0,184730873430307;0,76358894449171;0,0415592685365526;1,25966406458146;-0,329246601831014;0,766001855327994;-0,605662602315523;0,994728710575965;0,850096771832484
"46";1,21485439968195;0,570935684716951;1,74719400809715;-0,997665062116352;0,552459691601726;-0,910955818212915;-0,961161682759668;-0,123826113097151;-0,072727213970408;-1,24984855636973;0,377736145275607;-0,902583545553397;-0,570994640623213;-0,70933728315005;0,149683977066496;-1,60226792055618;-0,952459056687892;-0,437342165110986;0,0320712981271737;0,595206039099398;0,224736299924355;-0,342552502919697;-0,57853412350909;0,562423889567388;2,42440371062647;-0,323390679295983
"47";-2,04225891678452;-0,207366183519302;-0,0724560503649354;-0,343411095225617;-1,12478921230322;-0,0732642711837327;-1,04733210942754;-1,48190847734159;-2,42224725992885;-0,293950176350001;0,107861149815992;0,134106452254465;0,514410227576845;2,01124143931928;-0,481570037271;-0,799167187737688;-0,759066493846491;0,533641783975639;1,05328948785413;-0,654101171535399;0,00284526657822404;-0,250651652569094;-1,09574939978484;-0,525542231172825;0,432054909922102;0,754881169897909
"48";0,853747300916045;-0,0176632142174789;-1,80963562249942;-0,800641300502007;1,42856419172182;0,646330820978394;0,128611509170554;-0,0288089719039375;-0,902151407171902;1,31407207001408;0,961193782539288;1,86257280338659;-0,494932081720013;1,28431758613167;-0,0010247738452305;-0,206733305126015;-0,523598997832949;-0,0460656474195102;0,148139912876308;-0,697183712689726;-2,15193038629573;0,324341976296792;0,0459024993935781;0,430575021045769;0,874546183305699;0,315042917823185
"49";-0,360351529131989;2,06876166664056;1,01882687333326;0,286321342506181;3,09458414747199;0,25928909733467;-1,27442374135391;-0,390203822182015;1,56748225594741;-0,934669006516813;0,508247432091595;-1,2838114391905;-1,6520625496197;-0,823612380376861;0,211456712774694;0,0670953769877566;-0,521988027826434;-1,82127751529082;-0,490007647074045;-0,200738506683927;-0,301280603300299;0,20465839405413;-0,55309682026884;-0,461065782910699;-0,0202491512403656;0,1581823596337
"50";-0,37556084732669;-1,52390350785651;1,10047741472424;1,95467008804302;0,42684721752426;0,718986488436304;-1,05695336477885;-0,0241288771345087;1,92125423412123;1,48421614840585;-0,42138829276456;0,72140624977389;-0,606071695897048;-1,57512638000041;0,597043404970066;0,255285913137851;0,192055346429368;-0,171333521995081;1,0693396102097;-0,756565168500711;0,243875307347381;0,558960592754879;-1,43765460429461;1,17331953266645;0,984168888516971;1,57171417567279
"51";0,719298987504172;-1,35240345873643;-0,412040405601143;2,26245895040831;-0,369638742008216;1,16060663263932;-0,772271077675498;2,21382817480168;1,11852811898704;-2,02778897695908;0,587118888609187;0,591834427613818;-0,120372179308026;-0,206333831469283;-0,514665091557784;-0,406190750204267;-0,739762546995366;-1,12157207174828;1,12018631635221;0,460867404061866;0,0483666901185624;-1,21244910484163;-0,950620008215137;-0,10278736557449;-0,0106017168896496;-0,796616782496746
"52";2,08290256734688;0,00190071903431533;-1,21141407219951;0,47754892681708;-0,0806552445702155;-0,424545269453476;0,14155498903348;-0,596724815210047;-0,832215566791703;-0,226438698543985;0,164363495324329;1,23974458353453;0,534064443300144;1,18074195986596;0,426982245115905;-0,117994235784963;0,742235942883376;-0,474842238692586;-1,36443286209319;-0,986831138228425;-0,544590595691207;-0,689776537375853;-0,578298176700421;-1,0330994143299;1,46330487305752;0,150723105636875
"53";0,292674772891537;1,04392819457408;0,315248364803592;-0,382008101191738;0,133687529465866;-0,545745306553865;-0,526887088616126;0,968782183346161;-0,162290778992078;1,58565673799164;0,47323508658124;1,41948818743373;0,894495312493104;0,307783711593923;0,280964651622184;-0,954001097752507;0,150694558464451;1,53422168432029;-0,889885351739688;1,1039285744995;0,687738858101649;-0,950885724057308;0,28308921538928;0,55079793655002;-0,55645216509482;1,21905686915958
"54";1,46938515881458;-0,701525550280316;0,0411763868518528;0,157655406315467;1,46183193285489;-0,560539815017476;-1,87313578141006;-0,122962916122946;-1,47309939493974;-2,00631499235734;0,304547460642286;0,0529431637960986;-0,250105939933785;-0,995691221695984;1,35269295832437;2,40169553149802;-0,227836666520162;2,04791149934566;-0,928189013512817;1,10636569447986;-1,33471845905922;1,9211196378252;0,375442111497828;2,34622458834401;1,15728914834243;1,14191621558735
"55";0,061389027854915;-0,607706794192221;0,984562864512485;0,189643652639278;-0,88086821490267;1,77173304480984;0,0437388335485911;-0,678923678282818;-2,93818735194512;1,65134625483964;0,984704856934528;0,814672737238065;0,172141357122871;1,12316398944925;-0,33106642950877;0,892884106973817;0,651424756725592;0,746541189513378;0,739444413367878;0,356348711572047;-0,854443476400014;1,56863069680044;0,56840923657276;0,1513864851424;0,323519445478317;-0,0508575325491481
"56";-0,314610866334133;-0,890341669046255;-0,431506626429942;-0,511406184315996;-3,18699924990094;-0,269160551975933;-0,549183674967491;-0,608589195095861;-0,0863067179026011;0,695974879496159;-0,506569841253086;1,35906088558991;-1,44211795453754;1,23265357352626;1,37864224546111;-1,9826456794176;1,30821583732751;0,741066677379961;0,14616938300815;0,248226633308059;0,331481330994098;-1,09797814192955;-0,805434605658467;-0,57091343573153;1,66223415770744;0,428525912209377
"57";0,197593762956634;-1,1294487475718;-1,65068433072439;-0,398161173990075;-0,275686058851185;0,903244034170886;-0,640227826394324;-0,430136992364308;-0,140002964070013;0,498126117025426;-0,995933303813232;-1,21748239863942;-0,686816047579962;-1,49716606138733;-0,842995161202768;0,215116188869951;1,07450568657096;-0,0567539861043444;-0,0631696470400507;-0,579978531932499;0,745396510474622;2,04422128437642;0,651786617768117;0,667217002908246;1,29258778044342;-0,779101491903997
"58";0,02519002728102;-0,777639661692247;0,647637346323922;-0,500679343616473;0,209214834521998;-0,00616450557287636;-0,0392758952732732;0,473521417820601;-1,01866688362053;0,772447906081787;-1,15755086973916;-0,279506086368754;0,22379720729611;-1,09090426344302;-1,13662681296655;-0,922927187646967;-0,582785706138071;-0,796700179545936;0,924912422834177;0,0117155051863244;0,129818562249224;-0,747352433725497;-0,594270084468646;1,27627550588123;-1,15698901000809;0,637075779221634
"59";-1,16256823776523;2,16918371065518;-0,482155897638701;-1,66560171011296;0,107802262503687;1,58941280295491;-0,222920182701841;-0,0206884329477078;1,6083667948519;-1,20415451893941;-0,710263825978277;0,127107694803677;0,718504728601906;1,71223027920226;-0,202110615968495;-0,431769453395661;0,833764183905096;0,648552377516466;0,106800961977309;1,08845165131786;0,910510952336033;-0,0385087512735701;-0,982628202635851;0,715228433793574;-1,71616599402891;-0,0146019028696315
"60";-0,759990849973038;-0,364553863567677;0,627878220680115;-0,796089009556846;0,486145001311031;0,913084761589362;1,06410264807967;1,00879614407846;-3,49705193410826;1,02199469919638;0,402806684193974;-0,222645425679388;0,164217238488683;0,164429771942795;0,0856007351071703;-0,394553433161508;-0,512337343436461;1,28727888614334;0,593460046384653;0,0697574397951834;-0,947522402975956;-0,473244212449366;-1,84154844987338;1,76816096364011;0,981681298605544;-1,93575708048746
"61";-0,495403025775121;0,459019157068329;-1,68216678456762;-0,454705902725465;-1,32127945744645;-1,35792751493844;-0,545410953245843;0,189799163938897;-0,253913846130265;0,347205204604854;-0,25426887217072;-0,931943426220371;-2,00732571480074;-0,595756412410675;-0,870741474776791;-0,869473925218916;0,950969459011503;1,2528782990587;0,10683303402466;-0,453784088941316;-1,09489147862578;-0,247290406018416;1,95742689742906;0,858890848851561;-0,259543902402505;0,0158553828205949
"62";1,13551210622484;-1,69076747350245;0,578561083280468;0,596899839109677;0,152680428618397;1,40635779249471;1,22386467709635;0,602544651552285;0,17312943051616;-0,0898850698375288;0,926584321089628;0,653747410370191;-1,49477472826639;-0,147831962957658;0,6568891786199;0,925559466238979;0,811750635401832;-1,15681747745953;0,44326067135734;-0,440835383603926;-0,882384885303942;-0,120670765985287;0,422139699730048;0,735325266146269;-1,33539401701223;-0,952692669035737
"63";-0,468073455980821;-0,827991409152573;0,411196228666534;-0,825016614018753;-1,14759617980288;-0,505334552610954;-0,562329060963424;-1,18205918001972;-1,03511983847868;0,397820996506005;0,194542411254522;0,00646740447813533;0,0338511312766254;0,605944676330717;-0,876746093978138;0,616756808289759;1,94992089677551;1,15612948311988;0,322141895195335;-0,874305365669798;-0,165062016460824;-0,797297569234076;-0,0696516135578679;-0,97479708177901;1,07568708037057;1,84733619554748
"64";0,110529534306551;0,0976282414385643;-0,24338693466219;-0,368789310486705;1,1166387211194;1,20719222418295;-0,253574363064084;0,226638481519046;-0,274207394786901;-0,541440143046872;0,507858692529145;0,476063965034773;-0,474219912305234;-0,94964681461027;-0,554904980470182;1,37820823380963;-1,20060382546229;-0,449542769816671;-1,67235637812214;-0,698181776481668;0,793551289759033;-3,59863869203254;-0,904299138643494;1,70884482438508;0,675151430210736;-0,394797843674225
"65";0,20389657487067;-0,788303814062239;1,34268819195661;0,83225384922119;-0,898539749455441;0,684716663678584;1,61373135568735;0,233072807690918;-0,734490534479109;-0,254590513500432;-0,0986164130801939;-0,122378192891466;-0,0830608859328954;-0,364143603681541;-1,07947324542638;0,271763812890267;0,0768011764458958;0,613567549096526;0,507227554820666;0,798292915374915;-0,397332562839027;-0,438206734524271;-0,0557849026995434;-0,0471770443468242;0,624321495101881;-0,157105464423927
"66";0,021354516862495;-0,961163566465199;-0,060843508085684;0,338552674029269;0,239430680586967;-0,351313128926476;-1,5333925114025;-0,242806683095643;-1,07209843756419;0,126240277239289;-1,84663555249447;-0,682181840918727;0,701414832574083;0,295728971586619;-0,694653808943612;0,317289593534557;0,232904151471807;1,35556087736806;-0,51505836713396;2,48300708891119;-1,60593131494443;0,739998409723519;-1,67345340088999;-0,5873068295727;1,16129279581446;0,926545824144382
"67";0,998191404607105;-0,272413853328056;1,45819489919361;-0,238432404725086;-0,37325697549193;-0,856985001662855;0,242896465749174;1,05347001763367;-0,0984988235700444;0,909962181440157;0,366438446401675;-0,57515615950521;0,305944347054635;0,0734933210658476;-1,30494573671485;-0,108316517430111;-3,34951987182756;-0,514297876919774;-1,30643312219897;-0,972407896158494;-1,84974850011259;-1,31724318655281;-0,279079763432876;2,27016671561897;0,104648269508445;-3,98578796990745
"68";-0,853302134693458;-0,204593714578827;-0,52209433796404;1,03110420924257;0,212249197211401;-0,370679903791116;0,484758163772148;-0,40910160550646;1,71909474367378;-0,649301542193718;-0,34495561750731;0,111549058949619;-0,391691330787602;0,48108014111056;-1,24512005572892;1,08701887980185;-1,05912930574277;0,279320025943573;-0,346935589282194;0,406362814440364;-2,6617223204725;-0,860417750611804;0,911786223359702;0,0799211012896782;-0,703610109709996;1,44372243995632
"69";-0,593892969013161;0,573635373144348;-0,424682419061326;-0,599073575915633;-1,22000395593049;0,326871846613424;-2,62537452480661;-0,104393046700859;0,839695403217233;0,219374213131836;-1,47161007527477;-0,109851291941051;1,28595404367211;0,663326004215249;0,638833500998102;-1,19872847819723;-0,83791481461515;-1,4720168818282;0,536739119199838;-0,777659690001245;0,568834234435639;-1,59886839719983;-0,49772417447918;-0,389087078325856;0,349358577669088;0,678495147152523
"70";-1,32101723981156;1,08632100366417;0,952027040342621;0,756236323572;-1,08738048589299;1,0474199482473;-1,27105539205472;0,50762244295164;-1,31681118032716;-0,404454492502488;1,57828363891705;-0,81715532664973;2,93521475117442;0,644483742359082;-0,263746767398292;0,759859661909403;-1,89422084094554;-0,651181564018046;-0,654156749694909;-1,09388852419918;-0,36847655952423;0,802086316703436;-0,683425519617636;-0,0295909136779306;-0,935838075661853;0,113446923486417
"71";0,355387382966785;0,990539004974227;0,693348107344803;-0,313492042918818;0,233152860604267;-0,358191572985393;-0,587739234323974;-1,05183548052015;-0,199738212665806;-2,41536068891423;-1,0551113891583;0,324188927349278;0,927997791722864;-0,96285357220641;-0,653529040491582;1,78910278425784;-1,15359504312295;-0,800418338974364;-0,151310137907697;-1,07758473633718;2,50694844043867;0,773501787661694;-0,0926082634356595;1,56340285192443;0,582648767061206;-0,526264640564439
"72";1,93513122619743;0,311359197663908;1,05003228676541;-0,434417690456214;0,52866994871447;0,0540296601113539;-0,0822995412545956;-0,265522203470838;-0,294555858162622;1,5119284952121;0,0516850155104986;0,266669045196211;1,02429460554401;-1,43444473944056;-0,549311286182003;0,628112832819713;-2,5474714298363;-0,35360473087415;0,0361463814120416;-1,78589190680806;-1,13734637032689;-0,271460971339179;-0,0691186396662944;-0,795666916925183;-1,16707803455852;0,858732794335036
"73";0,779125687813186;0,0163812398761916;-0,183753061608597;-1,5700505807005;1,14896309926628;0,461641572298888;-1,10670233197039;0,396717967979651;1,26326762273798;1,45158059477351;0,376470871165835;0,612330309978471;0,1126922874925;-0,725102380668724;0,302536224343172;-0,479518255599546;-1,12081913681464;-0,761512378975099;-0,939818018289037;-0,980638336318173;-1,70492458832038;-1,86620900555178;1,57328418777469;-0,450355652373322;-2,51770457697414;1,27355966152618
"74";-0,0420083633018446;1,4559107219574;0,00262890672266587;2,08727794264892;-1,46278720129952;0,905837978464723;1,05733495384855;-0,228661853855229;-0,953545751928143;0,486036995215966;-1,80923792779075;-1,21672947254825;-0,712462803615336;-0,839272128467593;1,73544629661223;-1,31831198235422;0,124999374766126;1,39180249491222;-2,22892568142602;-0,640952814175043;-1,5818781000926;1,6131547963113;-0,421193751907286;-0,62292352389723;-1,42452975798729;-1,68698713897007
"75";-1,02362280810609;0,364558908243035;-1,82720713325257;-1,55612810465218;0,616030102322059;-1,43125862415839;1,00231621132705;2,04396549603982;-1,59668371998876;0,555051911840598;1,8121444134792;-1,32318487108515;1,06321108012133;-1,03376833979899;-0,547105245467421;-0,174417192929408;-0,772459935851726;-1,58050194210019;0,937974353439997;0,641398736781285;0,0583950929394877;-0,0628543678396264;-0,130263512968827;0,334232109036392;-1,22734366880829;-0,548011715435995
"76";0,315329411528857;0,301937926593443;-0,271252291772325;-0,27704439956842;-0,852709001113467;0,553309953224512;-0,836771198761935;0,12276404476862;0,33019327792503;1,62500014018623;0,21004610745133;-0,440244702900458;-0,197155530130904;-0,918789239835961;0,161722770279572;0,127991806029991;-0,779698861687403;0,631481148062491;0,00474735988054714;0,387239825399809;-0,282830988816542;-1,19490002055049;-0,167494535969951;-0,581036308659717;0,354466086924815;1,38816806010987
"77";-0,534209482071776;-1,71483155962835;-0,48258541828533;-0,0147598948924143;0,202061854053755;0,332890649980869;-0,204620168034844;-0,604130435849031;1,8773782822481;-0,466427908076371;1,3013606922187;1,14680631796186;-1,5479444515415;1,67940714107958;-0,592563676948222;-0,609134381519022;1,04711446371415;-0,180237931577074;-0,932846820277854;0,447846215162415;1,15957498339772;-0,0400844465121032;1,44925765375932;-0,00612042127002863;-0,364055197971871;0,0956735108413768
"78";1,67604363708446;0,286989128851841;-1,80579118791546;0,879146324958934;-0,24947269631905;0,965876197153821;0,00550365309554347;-0,0893336577110618;-2,24924765031442;-1,21107854164586;-0,130700133607936;-0,925934269630425;1,45756987987813;-0,490468263930888;0,360818533722084;-0,941656804147523;0,670820723185481;-0,421067391651697;1,1080312384835;1,0833691760549;-1,57932447171977;1,01215515697371;-1,43015784146932;-0,455827019007241;0,452120375053284;-1,8127197203233
"79";0,472249915092566;0,5992821698037;-0,897902766085689;1,65082825603953;-0,779547367509393;1,50325122450399;1,9212216965706;0,727784770716347;0,432609636543228;1,25677646063118;-1,49023832899991;0,207372985232263;0,71156578690826;-0,527941574288054;-1,44051105542308;0,678460115115902;-0,458653740032592;0,867634566745495;-0,414138286176745;-1,14744673898437;-0,254775073302919;0,583753142272226;-2,66310356502966;0,856952829966052;-1,1176284478114;-0,170033724575603
"80";0,0335997599067687;-1,65383519760046;0,542821876465498;1,03156566278138;-0,156249683794909;0,857008440346405;-0,535552526264603;1,05414149773719;-0,276960610655834;-0,174162144458938;0,362318648707901;1,24647625755733;2,22967126118009;1,77465574119704;-1,24560942738083;0,571851137836634;0,442597070605958;2,23809813684758;-0,94949708955375;0,77285345838272;0,213161598165371;0,581203036312105;1,40332464265122;0,883037398725934;0,679181081162317;-0,144259337209241
"81";6,5979620151374e-05;-0,939892474978266;1,0840657158629;-0,29862907171844;0,125901639809085;1,67514388862889;1,1683740031268;0,241007553991374;-1,17607083219527;1,98627082413334;1,147631945594;-0,120017845056287;-0,12138545002247;-0,487137852334211;0,239749708009409;0,701515183116724;0,562547140724696;0,452192897711084;-2,89657414446024;0,968528089416931;0,2133923124428;-2,49856693717509;0,0765259059912657;0,3619912044772;1,4901516916824;-1,10699931453027
"82";-0,352301258506085;0,138569069748799;0,800086125365039;-0,236233240776172;0,533835658589444;0,176971942483774;0,0843767561513689;1,56562293780986;0,289432378659953;1,19661395964645;0,708504040931706;-0,713981169894367;-0,273592208223031;-0,884615031132219;-1,19689948142976;1,11740741285237;0,261867406561558;-0,568452341191837;0,195573173355706;1,05662174540829;0,934367321550361;1,47115282853896;0,231189737013165;1,22999807218717;-0,37083014905718;1,17594408616409
"83";-0,221553856217182;0,0807714018536284;-0,534023430665595;0,416360729398263;1,40130637022231;0,125145701885314;0,992701982882805;0,952086768881377;1,02298176980175;-1,94485693855342;0,697692964460754;-1,03324210347161;-0,793800851100606;0,756629386448544;0,452692681408716;0,329790398478337;-0,632900277145007;-0,417056542794932;0,108865806756569;-1,45285256644665;-0,816735625969711;-0,241575807698379;1,26553471385572;0,920643610874296;0,324730361974768;-0,122866807053133
"84";-1,01456790444375;-0,0295861018984833;-0,962436633830668;-1,54102617412457;-0,721618883758229;0,557866341190892;0,12730943836896;1,12857827220568;1,39778790039408;-0,175578295486393;-0,245676175339055;-0,161878547713199;-0,55182454701299;-2,26378641573611;0,484845204140268;-1,09221883903049;0,00452810147172165;0,616707038959277;-1,46566715092611;-0,972368583708105;-3,2979177859949;-0,410149335696435;-0,348602131609772;1,28278693533138;0,80363837120656;-0,694736973430292
"85";-1,56673979589016;0,48584290195758;0,183970123064188;0,837345022346024;1,47316008738844;-1,29312337172815;-1,81944797065336;0,258301511233549;1,21148275971469;-0,35987156312452;0,638774518057152;0,367453746495395;0,199876968683824;1,47078269836368;-0,692480874983961;-0,120989482148308;-0,539933345686045;0,0247574393120513;-1,13205864214661;-0,261818764361489;-0,150467836189304;-0,440109161120935;0,031024771539639;-1,81284544201851;-0,41692409063787;0,00987908229762977
"86";0,212865139882741;-0,0470239400842596;0,884186250349784;0,195187209573459;2,18627432130705;-1,24300480285199;2,01903920798558;0,0468236074407248;-0,593008543625067;-1,40692158095025;1,63869321354372;-0,0524498967321824;-0,200681677506108;0,794854713057305;-0,0856395248467935;-0,895832552418659;0,69907583833789;-0,7469601096697;-0,129439739093354;-0,335353338219213;-0,650740503482782;-0,299779749418195;-1,71444419168801;0,11730383253798;-2,272290863343;1,56108184877727
"87";0,906348467146885;-0,733308057503983;-1,4441740527158;-0,9734525888726;-1,87698325538961;0,0113117750099832;0,782540494479344;1,65126779543497;-1,24597822505301;0,0352797385533772;-0,0312102683680529;-1,24738123516094;-1,92400223478811;0,949939412060399;-0,624465296681943;0,478177571321089;-0,516070140669959;1,18832466289685;1,28039348142927;0,914001288821932;-0,14723114086935;-1,48556702102437;0,62032153590685;0,47004495525274;1,5908213536005;-0,737835494332119
"88";2,23802818688702;-0,597543454113913;-0,539147964958414;-0,472142877041394;-2,50374542835841;-2,06848014728268;0,604034204721025;0,00877515247890858;0,251356023655091;0,912619220367237;1,12192110086698;-1,86659287854954;0,951547271509132;0,102670263393842;-1,24115209490599;1,45439161362441;0,360665585527579;0,180823622700448;0,421422884326366;-0,300694684776951;0,22808070868914;0,125250851721669;1,08994865049132;1,67486507916838;0,221406711255943;-0,275897795901465
"89";-0,455289103646439;1,20044626908837;1,23530822765766;-0,225012212421448;0,0626325873348511;-0,914551599079562;-0,582118537231442;-0,363232666446322;-0,0272440261996998;-0,193440787905948;0,806994695241392;-0,201594339799213;0,630509368202948;-0,788938601313366;0,989484158446072;1,18768820587928;0,766748379246354;1,41398158933922;1,66766247869638;-1,22404754338466;0,681689533376472;0,884390954010921;-0,0221610878393981;-1,57956684056735;2,90446943191224;1,75646901106078
"90";-0,117595947618609;0,599351742187345;0,637394258323365;-0,911385279419734;0,0396303463971942;1,58398057569585;0,212709232961181;-0,604556878049901;-0,961169259510777;-0,354962739525244;-0,332591818482766;-0,580214520930194;0,700680118587081;1,01956987005202;-0,825619624931087;0,350592455040674;1,8125995390649;1,04893255154706;0,394180040749519;0,340565573707842;0,211297812720941;2,24302974176799;1,88433123610919;1,30494987543532;-0,710638383208308;-0,397008168549121
"91";0,367634723535105;0,73085312419332;-0,330542271339911;-0,000214181502371333;0,643206785770373;0,765859053180068;-1,32861886786181;-0,717825002232456;-0,43531264096772;0,552297544339841;-1,35415074148298;0,37884611316836;1,96121511723895;1,51980622132231;-0,570656203450182;0,313392655448765;0,891704840075658;0,101932156923625;1,07205728009888;-1,4111175554883;0,0090350819335866;0,623028581559293;-0,210538200486233;-0,137991519184728;-1,74995287172702;-0,505207953785844
"92";1,28100349268717;-1,14806547233131;-0,0752878121770824;2,40505362410368;-0,0144907851682775;-1,10427981708755;-0,0532959599620958;-0,290630823986205;0,195617497820021;-0,75651847928113;-0,170509681071688;1,48604166507191;-0,644463477074596;1,46613376541471;-0,414667428052741;0,669684175519971;0,374880012374352;0,686404124258017;-1,35223512383422;-0,522553480288975;-0,242604810180863;-0,853390956317513;0,425643452023546;-0,529308147327304;-0,478278391366269;1,62148257641053
"93";0,751496643547249;-0,549576271308058;-0,897014440359821;0,461698429946135;0,164195347297309;-1,16978874934887;-0,957755330461763;-0,162323740999212;-0,748696970331551;0,946657183074691;-2,44670904970778;0,0304401010003871;-0,420577360069826;1,21635048888992;-0,988338200118025;1,4687889838069;1,0406624610462;0,635187670832344;0,974004847588383;-0,3170938482587;1,06173240637536;-1,18226904276413;0,305788847385669;-1,42775824958042;-1,98743653620196;-0,873458610814147
"94";1,11187509271171;0,478793024800808;-0,976907651424387;-0,218154394867592;0,262671078662183;-1,13999066113292;-1,04831860803489;0,692793032632387;-1,18600677591899;-0,592020300540087;-1,10933264041085;1,04508059839648;0,0274982988194948;-1,08630064816534;-1,82345314458432;-0,0534375009333559;0,57846953070004;-0,144365180146772;0,705890562950157;-0,811539097659954;1,05441310652528;1,14179828295156;0,184147394259286;1,81522891406137;0,521526815524859;-0,490051835506273
"95";0,882050657714942;-0,702246482936256;0,390239564338909;0,91511179220764;0,470339734171438;0,448013629183332;1,04303319206373;-0,388621017700832;-0,884955345614954;0,331502139498954;-0,170434424024343;0,365970451242122;-0,249411912605854;2,33305838863256;0,201589072503633;0,772630044017535;-0,790283962151642;0,866205721108881;1,18642827541337;1,58961817802926;-0,374446441670143;-1,62172894061587;-1,04396955723543;0,753995437397619;-0,82837957289274;1,13299367906097
"96";-0,0695558122317287;1,069010137147;-1,1877274886627;0,0916752357022686;-0,513198130813903;-0,312658500705552;0,930902455256209;0,300544488814208;1,58875934821873;1,80591554715097;0,411517811297915;-1,35961248026641;-2,02065150238092;0,824929799681681;0,696238779835608;0,510469308546219;1,26601202310369;0,900761976064774;0,422766511048807;-0,661310657719894;-1,44462401860948;0,899570192816937;0,983927924020761;-1,16565783309876;0,153983030277187;-0,657076509350548
"97";0,506153886471885;-1,46329502455965;-0,0336335855991459;0,679550860510145;0,414283901808643;0,30868088361365;-1,16727878846585;0,946937270457481;0,758115558029857;2,71012899967883;-0,110334942823259;-0,633926180622658;1,87219480110598;0,18749559206003;0,580485937971796;-0,22015844471831;0,641050058172347;-1,23186276289548;-0,197604014378616;0,864126147226424;-0,135070677225868;0,0460882914621255;-0,595895495511522;0,0637445467141534;-0,186534346513418;-1,09961477354289
"98";0,024362639113467;-2,42561712619041;1,92569917366128;1,19575723401872;-0,266455922593094;0,217154221473913;1,41166548802232;-0,212934651840834;-0,616036618323565;-0,349830809586982;-0,938499083944253;2,43335345315852;-0,358107957295949;0,221705689574279;-0,432044460851321;0,0369680176089155;1,57110380841296;-1,54678556336727;-0,0746821192270778;-0,520812189710176;-0,917977827209062;-0,393548986303904;-1,14760475358028;-0,147352050659078;-1,11199085146752;0,650727994015669
"99";-0,783254347956025;0,226280225883282;-1,0846020497799;0,510655948140792;-0,965645709544133;-0,659571597782101;-0,126377677032871;2,26870825936405;0,619132613075372;-0,118638802701313;0,554627051438372;-1,22992422255064;0,265207046050844;0,260336031220778;-0,418381145234415;1,16380710321336;0,470602899679229;0,89668278855318;1,83868420255428;-0,689768499237717;0,25287779370257;0,207476164726378;-1,97929829926438;-1,3912538841201;0,454538634207439;0,260428885382132
"100";-0,313672071891933;-1,23562702388673;0,0697876796392177;0,25062947042665;1,34440332708868;-0,159215240181589;0,0913387009268211;-1,78793756494551;-0,508444650785076;-1,0730225105475;-1,54807742481502;0,0797929887087254;-0,117820471091632;0,931256143057751;0,443097957515331;-0,752071604216608;0,295984936616877;0,360376247165296;0,639688198434751;-1,92085834733222;0,644552899267616;1,26965105217731;0,434451703791286;-0,883169644186159;-1,2652463947791;-0,714294425503916
