"V1","V2","V3","V4","V5","V6","V7","V8","V9","V10","V11","V12","V13","V14","V15"
0.0118498748695284,-0.401059819161216,-2.67743948544396,-0.2807837377991,-0.0210237949356352,0.504673424801317,0.664419742498272,-1.85393613142805,0.397252793571893,0.586331668420626,0.764423233806788,0.479230566611692,-0.0267967142573154,1.48167981436558,0.546164337350607
-0.985747456596998,-0.706137526815188,0.509462211861111,0.676595139463074,0.480435657104697,0.794318191681427,-0.502192997447358,0.974498058669564,1.3335473056435,-0.0473945909596467,-0.522706927405582,-0.71719862312611,-0.958296565256524,1.84599250244885,-0.22809831833288
-0.131106732309366,0.510191063947377,1.12995580512101,0.379281864040759,-0.15932479053526,-1.34886217548189,-2.87841058438007,-0.496694015518443,-1.10472669294215,0.627919610852416,0.351243604381691,-1.78659613633912,0.647373029609974,-0.0346427712734947,-0.431856007083454
0.251760426657289,-1.34204315358085,0.756671249044298,-0.220938529923072,-1.62707767069863,0.152186917933625,0.0764130650734357,0.112080187850686,-0.763524028294777,0.467266705280179,0.146973565462034,1.60461306864674,-0.05767990706943,0.0297146196206313,-1.03820559387375
-1.93347370836114,-1.12544631616405,-0.235454377340295,-0.51982629092835,-0.595939742431568,-1.76301365234595,1.45570475968526,-0.426245859409307,-0.444363035170972,-0.659790122574016,-1.70701886412289,2.16517889515695,-0.0907751315118012,1.22418287562126,-0.820182069485337
-0.531304627505762,-1.40392192805536,-0.0340375987485544,-0.26406782280659,-0.0189016248031021,-0.353816818861427,0.520770262850365,-0.230566995976218,1.43712242732973,-0.0200540212197021,1.4544184313241,0.2004653763956,-1.17663231711369,-0.57838936452234,-0.223168569966317
0.212053699522087,0.4711987234273,1.10833855308602,-0.543749532936395,-0.125824568085398,1.62858934618096,-1.87903745281541,-1.18841841762995,0.0470974963000656,0.879029271278797,-0.376307788504398,-0.441563515844805,-0.274897655821999,0.768855784678976,0.264065069954141
-1.2891129209229,0.504361356650525,0.0221263588056997,1.31577217841583,-1.15510610741325,0.719392745561471,0.0505326232164921,-0.295521902272717,1.29871342838128,1.09058610913252,0.475743077488598,-1.24835312809143,-1.01266444882828,1.13747322774521,-1.93636601043573
-0.563123400296841,0.378898780576515,-0.3582412955727,-0.168255755373081,-0.237191557886685,-0.471659062367335,0.446729292229242,0.298678556247687,-1.82734867552629,-0.400743658066736,-0.590676990137159,0.655320280756427,-1.98284837079794,1.22595812885347,0.416458831821906
-0.409822000267262,-0.766090286574583,0.437050116551938,1.76761356798738,1.3090751765838,-1.79212537376755,-0.415836462297225,-0.185516070405833,0.574307100226214,1.24563062394089,0.819784335389696,1.76527261689404,0.150502470037358,0.382709644644937,0.873900858908889
-0.685717417970727,-1.50408887365763,-0.765877161015013,0.815436939231427,-0.679890586985368,0.0089893168859055,0.764593190275694,1.55519831781951,0.0830356548025344,-0.925877937274295,-0.258847706540956,2.45041993648959,0.353488565860075,-1.50193228480135,0.197933100659545
-1.6944396762052,-0.0620777107940986,-0.831520882619745,-0.710711181277551,1.12522434572112,0.480617586027959,0.539553155368318,-0.305668297622867,0.488464072341561,0.057677456787665,1.35618588693133,0.429108904290887,0.64055554440051,-0.41694050473689,0.927327739516489
1.7872138018112,0.563956551394359,-0.790132078597535,-0.606970611865315,1.02545403604019,0.77690812598864,0.998092863176561,-0.698356076084907,-0.905021771162841,0.0536534666713867,0.301911820487384,-0.150150919236292,-0.317128979882718,0.170543868914893,1.25539778063237
2.19489919537019,-1.70596893845399,0.942138731506668,1.84713271800159,-0.648100619052136,-0.488947938754149,-1.75994352547952,0.657178178872013,0.475701898596478,0.467370384226833,-0.355727441730587,-0.611708743336184,-2.13400731912184,-0.830923451368546,-0.0549833369457384
-2.28713990920709,-0.969789574120711,0.568237413008842,0.774195528632888,0.140197134638041,0.627296415721271,-0.382216530315793,0.481436962364403,-1.94201835558687,1.55555404144083,2.19846044615425,-1.33830838014995,-0.859395261327504,0.0274437435042978,-0.26714512405447
-0.53374771336914,0.229142848867964,0.199357862183141,-0.419188770832499,-0.927827436416133,0.510593718808211,-0.224022127295837,-1.22602287012443,-1.06678115311361,0.366534140633471,0.343644559830715,1.17267997592762,0.380647780212411,0.629115685714281,-0.415363385863647
0.181271814172262,1.46139161420184,1.43668771698712,0.37061443331117,1.03844077474442,1.84431597678849,-0.852807167119107,-0.882284084255222,1.45894561491321,1.75338804087589,-0.380901413780411,-0.771577438890198,0.38092025866554,1.20007007090907,1.42026390440296
1.27008699284328,-1.0374296918807,0.960302187187328,1.13483088554809,-1.22080687386646,-0.145073084821934,-0.293427428367012,2.25425559882142,0.57609675828716,0.670095151698902,-1.81771058934668,1.36575715870457,0.0888186919050044,-2.28017132070031,1.02077868725016
0.124724613018061,-0.0833261417649441,-0.900980530177417,-1.17325654648149,-0.657099745390063,-1.66835380357244,-0.579251072177703,-1.12119823813091,-2.24013667300448,-0.77870468444541,-0.592427734068262,0.221447037378287,-0.880735107383808,-1.22639913826154,-0.330130641875888
-0.797509731394647,-0.494112004418949,-0.124609664392912,0.0398468393785278,-0.714657699574003,-0.748891145092894,-0.503589958663666,-0.187083103502882,-1.18923527793816,1.87492722686188,0.12340214809963,1.23840132955048,0.1564145115173,0.545785821437903,1.26442115993785
-0.125711858490594,1.07584507218994,-0.0790099715525433,1.34480570642671,-1.1981952012229,-0.882454814685652,-0.0236353451334712,-1.86384004012186,0.502875483363726,0.216342086139285,0.180545287003521,-0.897116524017417,0.061255779532382,-1.51545214760977,0.814184173518639
-1.13530252835465,-0.500717183333055,0.444756606975445,-1.29412031834874,-0.39160120629487,0.523572933751649,-0.322490797121687,-0.264546667736607,0.306266408596775,-0.119040175911358,1.69904087012167,0.67758333753404,0.779720049775329,0.374848778436398,0.214056574551174
-0.701361265005573,0.296528727240653,0.352968913727889,0.130434794001392,-1.18317405518745,1.09189244171951,-1.6200040294513,1.13488745039571,0.851889916411226,0.49306327569275,1.51213845832873,0.251310832010085,0.0497999165640191,1.13669558212581,-0.863229853458629
-1.08086681984049,0.74179898135284,-2.14575440933059,0.963548929622898,-0.864893829932678,-0.226881300054414,-0.340675889145994,0.763814321070547,0.636095456160275,0.601766029066013,-1.16604136798116,-2.08309586615178,-0.947587848982427,1.24728638757514,-1.61466651294997
0.912136582519172,-0.527437533318349,0.3757505182727,-0.949298105383419,-1.41207569413428,-0.155913375293333,0.104065113873102,-0.439324725755894,-1.11233609109732,-2.22280255650375,1.76881579133387,0.173011950979888,-0.575807582122552,0.494930750808293,-0.647190405434723
-1.3903991093005,0.283486374491461,0.925155095032208,0.0478157070592871,-0.568943282084812,0.530080179765893,1.84484237521723,-0.0956082920829519,0.492453151496572,0.959515455239633,-0.177146572403145,-1.46406462894889,-0.15814684312149,0.782211023818514,0.110164016251486
-0.731890157266244,-0.159930644187712,0.707694038599117,0.0273964646545568,-0.849467072619422,0.750271199579015,0.606565281042682,-1.41278097019829,0.233476151040144,1.78697901579496,0.829748933066364,1.15131975809706,-0.514474453180909,-0.358610314869638,0.676998865708374
-0.913891733602334,-0.945363276978139,1.08192161112226,-1.7771879942459,1.39086336226322,-1.62537743958178,0.52219021613237,-0.590571857554773,-0.100456757588803,0.165233039328873,1.14909802453518,0.0824938605440369,-1.28554608154011,-0.825337736117135,1.20217240823093
-0.783022778127789,0.414253556066071,-1.05392578775664,-0.46005658179703,-0.836168694300229,-1.39236311174426,0.265257459859432,0.397421407053242,0.217743677239823,1.34176228226361,0.550565045433586,0.68109067892164,-1.12784083715363,-0.927827384902344,-0.282830049173779
-0.257937325386616,-0.145116027714751,-0.755819677728946,2.2804676798513,-0.701293841879888,0.741928053832233,0.249820623504813,0.213813686998293,-0.857310208453522,-0.948800376288547,-1.06534154908989,-0.961161647728053,0.304778634802439,-0.168735135902049,0.0944220286725613
0.444179253314342,-1.05850838989744,1.98009743641792,0.192390963318893,0.240213720876816,-0.995359006562595,-0.18058930166769,-0.869423163572237,-0.0806648225417057,-0.331858467060973,1.03522508829578,0.476749984959251,0.544894270192979,0.838343455064987,0.103975756764881
0.92280932675786,-0.345503757359737,0.348434484365174,1.79224775842173,-1.97592160903621,0.383474129824963,-0.0355072336218178,-0.499875875817032,0.00733318303662094,2.63348754305278,-0.755999624649371,1.32791955216379,-0.16267355156659,-0.0320325299683423,-0.347186619929987
-0.567874292850883,0.0483850485322975,-0.0100807332495671,0.413073692049633,0.0854031025270529,0.213356479070631,1.18406833704625,-0.439804846123368,-1.87080275472699,0.702475957327143,0.942346316622508,-1.97903120184245,-0.347275125439871,0.0334466570306395,-1.0985634185657
0.718975585867673,-0.561130858450742,-0.712299075441468,1.45255776509014,-1.10722779359379,0.284012028077566,-2.45647897260867,1.52085640377718,0.127136418426177,0.328113484358087,-0.419598505651432,-0.9605356747194,0.942738572772784,-1.45502032890008,1.02910553094982
-0.256557201530448,-3.69012778781126,0.316651157161003,-0.566932837214087,-0.194939543349566,-0.415580517860898,-0.865152185028926,1.3863389278216,-1.71322252283396,0.0494528687859051,-0.71881337528409,0.665269739195348,-1.647295968427,0.272942751363099,-0.0912955742380194
-0.0841246829922191,0.578866176091853,0.553626967036185,-0.837944113354363,-1.48417416059772,-0.253684441233191,0.613740095033399,-0.452370246385665,-0.0493026161266044,1.01904135218999,-0.0329002053678142,1.67512276846382,0.632346026957383,-0.844755699237626,-2.25341815874585
0.155723489196137,0.1861366714258,-0.0397125313982579,0.45866478847771,-0.027670992161025,-0.666037906099776,1.19344263345059,-0.555994003703927,0.916065445829752,-1.47536872114093,1.08343893001984,-0.802383245169986,-0.242471631388589,-0.0590189277830932,0.238860558344671
-0.160488631781769,-1.78418576630984,-0.0465157349512309,0.186110156475203,-0.365710937139192,-0.723672410804024,-1.01894949336939,-1.2639149746962,1.19801666661122,0.145834103636956,0.537826915570688,-0.902955309250481,-0.45124204454215,0.28596334888099,0.687728512073738
-1.78942963248817,-0.184112190295433,-1.55131493312388,1.13300102099495,0.0271622912739676,0.162659251882744,0.0621829301326744,0.414073223101616,-0.350887518920623,0.507649638689595,-0.00828007859056345,-0.0418196374035417,2.25749056093156,-0.547547477317453,0.634719758441811
0.326470036796874,1.16364061828181,0.677184383486488,-0.769474624203098,0.398048095979188,1.64689255852353,-0.490540191199914,0.34637149403542,-2.20071918508123,0.542544238956602,0.692247507058073,0.313000389292891,1.06680903541564,-0.987316045542457,-1.23153424181834
-0.801871080097566,-0.843710641053292,2.27225490383649,-1.06649570798549,-0.193123104705135,0.71043081834638,1.13152361179501,0.282666649801407,0.170886165187965,0.763430610384072,-0.0266605978555198,-2.0487602143639,1.68866156604739,-0.404326619360791,-0.534706368536841
0.950784789783324,-0.60552780967872,0.853729463559781,-0.658484800059162,-0.276121235193872,-0.783234596743047,0.275133777044696,0.942484080268703,-0.182799288438535,-0.186797282331324,1.62147749848237,-0.986055717984481,0.523201987787853,-0.335167460818918,0.593104111493541
-0.28071101618514,-2.16564771097879,0.591404880988457,-1.27711655340494,-0.0185794236112051,0.097213604409968,-0.544665914023493,0.225864326466434,0.335280827800701,0.47904842296056,-0.247159390939023,0.250638833122141,-1.37042662913887,0.0368152266933727,1.02037785041915
-1.02318022848447,1.0339113203747,-0.861627746945486,0.0439854907822965,0.0670726539997384,-0.108449830095373,-0.0964127078929006,-0.310383743483569,-1.28787344101807,0.307986136923023,0.858041317458815,-0.437325233368305,-1.42452951324714,-0.306416014407839,-0.0769438705620056
-0.0450452126719545,-0.150984888756238,-0.545826394515081,1.18292248633278,0.570534082135332,0.302896112134518,0.203781761144611,0.0269376574035544,-1.74263252461911,-0.0918643925441543,-1.20578080937482,1.72546155028564,0.935229926274696,-1.25593855818977,0.0392955099472139
-0.557063153639999,0.306404061652262,0.811802488301438,-0.191135617441242,-0.5014060059713,-0.326725213131189,0.215209344452489,-1.48378822988363,-1.65089477509703,-0.638090146425388,1.54688631204717,0.681039520665291,-0.29358879383556,-0.85751761994443,-0.270583132056666
0.998938773172599,1.96541666736699,1.64130385455437,0.145700782360552,-0.686830991436309,0.187742134503499,1.41124830725938,-0.86226417092038,1.54856107544475,-0.80323925874837,-1.94063351722892,-0.700238431624664,1.39901013797105,-1.12307105370573,0.242960802855126
-1.26872744740746,1.59499924609434,0.353723879772726,-1.07728596808707,-0.865800898150281,0.317865478635409,-0.382280966253902,0.689417341219854,-1.78833173212465,0.769899445166783,-1.20254636508798,-0.498295753367335,-1.52799751450541,-0.683104733713149,-0.613215213032477
0.320788526260556,0.68925662383673,-0.644803616692484,-0.0211279389633744,1.43983955537151,0.7660048753806,-0.276562785917746,-1.0372550053485,-2.28178449163162,0.721047618856442,-0.392528256902035,1.36058043706845,-0.441424655278919,-0.364079165872718,-1.09911405164173
0.632792871213191,0.444916625025413,0.931430271070449,-1.09678978141231,0.117620578411245,0.959638607054348,0.792618001762448,0.158836756543653,1.9787781581619,0.383297426397445,-0.775058648568794,0.0917369985969382,-0.407907201070756,-0.42604672289304,0.259192406217205
-0.57102070808231,-0.20585687677095,1.01199166124967,0.126271124745242,-0.232709433423168,-1.48472385896974,-1.00768385398872,1.88972725022377,-0.626357100394211,0.849673305146898,-0.263784293270252,-0.887604599665487,-0.552808261875018,0.489663428832032,-1.39518092988689
-0.327961100466684,-0.119675567040762,0.4330008220811,0.68929597296224,-0.765950165716883,0.335229335399392,-0.987407607459579,2.61137529679516,-1.98500114530199,0.562285556235063,-1.15803527285403,-0.501938259489234,0.619178441212599,-0.0133944887206235,-0.183257287552011
0.733389206299744,-0.16277964131884,-0.572850137530709,-0.16239897025417,-0.237203602905434,-0.0190213959931471,0.651179309373829,-0.153575590384349,0.258241693739622,0.114026369856262,0.868950592355842,0.568579215807804,-0.424584147254594,1.46672704763292,0.429716488039247
0.210959229777786,0.124071251678104,-0.515117456210274,-2.42809167167676,-0.574253318784722,-1.07294041962576,0.440339929654447,0.713627148638654,1.10232948594423,-1.36180156525529,-0.582109877761958,0.302614032343828,-0.707462380079921,-1.03903285172434,1.90912253866539
-0.166301230061254,-0.220846280179076,-1.05993375015312,1.09924864185205,-1.83586109733487,0.980211513367628,1.2026316380978,-0.573152599662205,0.795870150040453,-0.323678509946759,-0.379951203704568,1.72854321066143,-0.294839100550329,-0.0678376472811075,-0.964405871449395
0.5071152791582,0.754870420636267,0.689301364495999,-0.685170153230843,-0.538447440494995,-0.488466175245845,0.307848389197455,0.271868525847023,-0.099534397259571,0.489537093830053,-1.39952335537644,0.888121516673745,-0.619130330549642,-1.24773955666288,1.03325823981829
-0.102986981002483,-0.167413391808856,-0.432094573724914,-2.09566527215286,0.631401376372916,-0.915423328791115,0.407377180576964,0.683073716088101,-0.372688622051041,0.430937738933397,1.67310315309956,-1.37479757117108,1.07773884970927,0.633854913499412,-0.289709760769653
-1.84374031719056,1.90402598287898,0.915438288737321,-0.187854345742221,0.225351853170855,0.394725797943079,0.996393966820425,-1.12615626686277,1.0529022433853,1.57160394310042,-0.98268043142711,1.23646939851685,-1.09075220505018,0.377508773976001,0.638371084864074
1.25380372839192,0.144671433309576,-0.0835026827639283,-0.869328069420602,0.127056520776466,-0.474137565039096,1.95925337842631,0.00620917270666789,-0.43249873825356,-1.22949745712441,-0.986260674483589,0.478697177617846,2.21040520538958,-1.31826951819432,0.348607888698373
-1.32208508380281,-0.878673816695953,-0.390606192476506,-1.51069743249917,0.870231290834036,0.356602964128174,0.300755466041203,-0.453045789367041,-0.307368952362982,0.857978715672307,-0.285137936430484,0.0956832130738982,1.70804739130937,1.37959188116239,-1.49043413723098
0.571105216076519,0.814802379134966,-0.303202961777436,-1.01204917965377,0.742085664847376,-1.06695989459981,0.703539867277365,1.13847448036264,-0.169211554395542,-0.656927441793613,-0.959819859613028,0.575375113022091,-0.76650978631772,-0.270673581661256,-0.618949788089176
-0.0661292443422285,-0.0865290880307452,0.564568920163549,-0.629310183680916,-0.248364822427587,0.238076476373933,-0.701693088468441,0.120044302239094,-0.038752738079669,-1.42844419450188,-0.155712440320558,0.917832222882627,1.8001563191493,0.381985524028432,0.153026647673863
1.2321153365127,-0.0464937235121258,0.0357803948934687,-1.25921083936095,0.157721064688253,1.76465923701878,1.79641398512705,-0.594553068893085,0.93159345499998,-1.10583065025544,-1.21929369701218,1.84848078263257,-0.283463844880378,0.23935617268799,0.943639473324375
-1.63896435703333,1.41771030068785,-0.424470716901664,-1.93453615123773,-0.304180015429904,1.38903047250605,1.07296389370609,-0.0431853261058125,0.217859632574602,0.970545357356511,-1.40438630552052,0.612000051389928,1.67904420150701,0.645132533016129,-0.49455096545129
0.921605395594508,0.809679338579711,-1.18893358626615,-0.705250620557364,-0.812303980093679,1.52438211883304,1.81519873577826,0.576618825141668,-0.367934857023342,-0.86363469031429,0.241128127890109,1.57112244506073,-1.15344257056857,-0.414291238490944,-0.400484034622664
1.115271958496,0.682504525612943,-0.376235582813669,0.508317810053111,-0.728252886454644,-0.260165783331825,-2.01429436049069,-0.795398653399985,1.07465165788364,-1.52985357329302,1.32923917918362,0.366372632077394,-0.345845608210373,0.574133772568103,-0.183585870500527
-0.444291162014814,-1.46137225108628,-0.888355220759818,-0.217102807371693,1.4331502804932,-0.141690613291728,0.527057428933416,-0.751818890842971,1.21354605621086,1.86093175642343,0.633829743445327,-1.84099398839952,-0.529228013330919,-0.898534268712842,-1.99366780828836
-2.24965599516738,0.228918869264754,1.66634826970342,-0.826740775319302,-0.14920200946583,-1.86576470395402,-0.696502538162098,-1.00714500880673,-1.45048475951271,0.477543779213496,2.37464381485838,-0.849064771694431,-1.43137724982105,-0.0335711780835029,-2.49044493096668
-0.979638043074753,1.26601246207583,0.550006250753393,2.16686308435383,-0.876605483705423,-0.116464592094947,0.109817623939861,0.0876462757900604,-1.56224266422918,0.209192952824154,0.958429038090977,-1.02108648663193,0.412201713181938,-0.905985756348304,0.305885127679444
0.0737865577672501,-1.40732611743895,1.15883191757811,0.0715611172610671,-1.37166066016965,1.35250268448184,0.38764124896174,-0.625723092057114,0.373741837916512,-0.855405541532911,1.55940195052413,-0.00475079729791626,0.828596627314402,0.240234230656511,-1.74749532925229
-2.42160217857986,1.35029084384199,1.15368599621992,-0.0435300160669668,-1.87226166457175,0.188704131920493,-0.658990805129045,-1.32995296362026,-0.187037793312982,0.101593088457944,0.569133288070997,-1.32992150378363,-0.0276373679602823,0.605125715595009,2.06078121033306
-0.340304539388024,-0.222656009741976,-1.27691196868057,-0.326346515425556,0.391837813877005,-2.17235013734903,0.766270060571674,0.652466577101364,-1.59671292140298,2.28135429231455,-0.837871289036251,-0.980351548521357,1.2621520453452,-0.799842179342934,-0.385813891605912
-0.937191994560707,0.332021651075728,1.64942710441512,0.0421901626261606,-1.41810787170034,-0.361067166304173,0.473086623225776,2.77613610456738,-0.11312126960386,-0.274985243888501,-0.717961742352291,2.05578118864154,0.350777176278741,1.14647031249087,-0.557990735048831
1.21613718257582,1.04488998024306,0.405136740818182,-0.47892119555332,0.52692284101092,0.313980199201012,0.164521660314015,-0.69519913274945,-0.487114744975699,-0.92982112554139,0.754137973658487,-1.78512370154523,1.02050557830336,-0.13324133098524,-0.743158839512041
-0.502739574471996,0.811783927539302,-0.404043229562712,-0.472402141359042,-0.719326443235422,0.452186742452386,-2.30066749767837,-1.58929326693737,-0.496520208111656,2.0099515253242,0.777089859176509,0.277810186251868,-2.38155650069523,-1.68912609682114,-2.08055733129362
-0.140177038952261,0.077515323732154,-1.64850262426388,-1.23664837706469,0.00810596077241324,-0.757969039868964,0.296083566937425,-0.00276935517827364,2.11852128837413,-0.778788113154417,-0.129606539822327,-1.17974372888812,1.52608430281671,-0.642102442173767,-1.53645923115281
-1.00300698917762,-0.922558222050112,-1.23298056627367,-1.0157802321065,0.445235125464863,0.606469538759351,-0.170667644122709,-1.60703264587803,0.482611664778178,1.0139319102331,-1.19148273812423,-0.934452882518921,0.231885127060222,-0.63958052921987,-1.10271754066783
0.228073222478166,0.587058897009781,1.79305595911036,-0.306595226564925,0.184440013232749,0.370289828867849,-1.3995678075296,0.446875558391525,0.857073603795109,-0.0306090906581035,0.647560987170532,1.32750904995565,1.55782659187634,-0.666219825145594,-0.66091726762119
-1.78877949554412,0.569621651912054,-1.63941419610671,1.02644918107764,-0.553201138420727,-1.42158510714667,1.00897978971536,-0.0991328714001768,-2.07177874342745,0.4243224962559,-0.677874582411924,-1.01522576771243,-1.49047241754044,1.18280147435205,0.0171548282057213
-0.132407003750413,-0.340187790258718,1.32724751812916,0.396339511958265,0.342435311232923,1.02632608595324,-1.66834806189455,-1.24754386208607,0.178529158443952,1.36069178625427,-0.0084598130292688,-0.0159125959557476,-0.0950577465373966,0.818098092199364,1.09955681936115
-1.86149201514379,-1.06132660397841,-0.0279335166437625,0.66517056770905,0.392051988698273,1.6770418648905,-2.16519785384886,-1.12269571265253,-0.277015754521461,-1.82756433460871,0.352596543284654,0.288823010244975,-0.442836967729334,-0.495357382889581,1.08773242305777
-1.19524258275531,0.935155025137339,0.672530110109117,-1.53416546621617,1.11700860327782,-0.802110057817095,-0.0211956788514402,-2.03447905754796,-1.63387863049568,0.976926922427252,-0.0553828353177723,-1.17256891700453,1.6252054309604,-0.439781310359225,-0.593471415365681
-0.979645917429575,0.660476348532677,-1.6711163847226,0.399430151488206,-1.08581601282307,0.154806752072568,0.918186048039189,-1.43499022891877,-1.5428298363784,-0.787976736037372,0.233283357268948,0.0609652087453715,-2.31064212639254,1.88594383417648,-1.31114698742962
-0.0397259362588996,0.307388409458905,1.20184550019732,-0.488177433942046,-0.271496307973731,-0.135109536467663,0.7639223355622,0.0286361595133065,-0.983266265100451,1.09416792631701,0.0771156678346318,1.72483907305174,-0.373437766055658,1.51359786612116,-1.85599601571292
-1.41224168219367,-2.90637910943714,-0.771580194997199,0.359463840029552,0.0917158192168256,0.526618478345009,0.999213797933096,0.390355808563631,-0.319103014371891,-0.267053059218643,1.31621101723298,-0.243275845263033,0.922071353722046,-0.612281664741728,-0.483658771209871
2.91889933099236,-1.17599089046596,-1.48984631796628,0.00458337093156691,0.168924562690267,0.523445564133026,1.7695354861224,-0.753239201193598,0.192447735774645,-1.00916429158457,0.128047490421806,-0.627299981499632,-1.5318983302362,-0.832566830795137,-0.615842338933494
-0.540439743818612,0.115799274132255,-0.165504974747987,0.104920977501201,-0.442892666817728,-0.294442201953975,0.63222915805956,1.63294928432276,0.750912377238935,-1.1235223051634,-0.953865629538899,-0.0908008012654283,0.42153958399226,-1.41539381006152,0.889942253002203
-0.293583030373169,0.413868160547803,-1.54961654973034,2.44328829043864,-1.0698317482278,-0.0420325563497387,-1.0028312150284,-1.07369317649663,-0.600706732059357,-0.554120178468177,0.820149742003905,-1.56366824035642,1.97743743383271,-3.01234965439925,-0.959044738357008
1.38238378842158,0.11925149924391,2.48714540721501,-1.2072894208697,-1.28175062030774,-0.719447390916717,-0.293752810666632,0.343849120466746,-1.20534554973444,-1.49537017906662,1.67567152875634,0.029567360327777,0.555264588787948,2.151957289832,-0.14141404537916
0.246813885039975,0.4102825905739,1.38326065789461,-0.642927261018587,0.605598907687595,-1.16106989790033,-1.65820464400336,0.962675770420754,0.199151431199651,-0.416955291651973,-0.961365127600227,-1.02835665498083,-1.57980854435906,0.311512366309572,0.535826825570502
-0.462490305136603,0.333399962360943,-0.0475889270937755,1.57100532416194,-1.39951051118429,-1.00347933534298,1.28182221328149,-0.158214577692559,1.3196313951974,0.0834641926555816,1.80356483942422,-1.14430382623987,-0.903460520473111,-0.806124939498733,-0.00728449224437914
2.34343718208401,1.88834249035677,0.798205672328984,-1.25380056778274,0.247436953510073,-1.38918378980215,0.116150214856918,-0.838347005667386,-0.019040128329564,0.637503374155085,-0.682889374611008,0.500522244331773,-3.0165524853806,0.271711866826688,0.318129949700424
-1.53328547634043,0.401124425026142,-0.433162573272545,2.16043657384847,2.25890345526809,0.301403052146039,1.64441661541657,0.849413546423762,-0.436173652473568,-0.268620009063461,-0.862540530540881,-1.32483411463338,1.45487841139313,-1.51852442468424,-1.2113592866322
-0.0819452911918767,-0.46899706782074,0.20203987304332,0.00919822774324783,0.920127400336831,0.916602697771185,-0.803865982332042,1.74443927270497,0.330998291582043,-0.150585812410423,-0.173806611937967,-0.00791968475143427,-0.28071278028013,2.67304546618337,0.136333475706358
0.47383448265471,-1.12026200179566,0.091439741225424,1.38071466404178,-0.852423749992093,-1.22324317107496,0.647744070142713,0.938484133541957,-0.109422302788679,0.447949515709539,0.29135216905139,-0.870301359566439,-1.69345909398736,1.82276026912018,-0.545440511656546
-0.475026227566356,-1.39910595138467,0.145179469073553,0.774378985134724,-0.201208565040865,-0.0781823119754584,2.39139509106732,1.2007040039978,-2.04942771988908,0.45209960458655,0.717658071403848,-1.77424761628145,-0.24895540139878,1.07485775092657,-0.715164510815819
0.459926638819839,-0.661916228710964,-1.25275748225657,-0.904352543533181,-1.29412291918419,1.66336111418199,0.16400456836221,-0.612959103576488,-0.640341686942315,-1.27571723535457,3.22134798066514,-0.566469027817075,0.69708916324448,-0.629981703673752,-0.500894605179635
1.35327058412279,1.56261956672338,-0.180343321429485,-0.0956563747550701,-0.242783004351422,0.0947592489592548,0.586301240504164,0.946958443232771,-1.36180801810986,1.97468439014153,1.10957518059685,-0.18504005930256,0.529722521230996,0.254335692978937,0.376554219272263
-0.824491297694016,-1.28833051776181,-0.496078056417144,1.29971517951416,-0.332940135447352,0.949882446553742,0.261863171151007,0.77432342018168,-0.950423875268872,0.0783416696878618,-0.0253349055545991,-0.173243318929061,0.834049883166615,-0.370803813007238,-1.91334259892425
-0.65179943375166,-1.40084504849942,-0.837825452298035,0.009814181900135,-1.71182136526871,0.927025453116162,-0.875215720989113,-1.23656492175659,1.58892909823291,0.0687945697365192,1.35114990923935,-0.0192004067502186,-0.406193428965229,-0.947225679127965,1.69948895647469
-2.1354231926646,1.2512886536144,0.300965478734734,-0.185157930429049,0.075035030660853,0.0445556116615834,-1.39850178048907,-0.0525352618724829,-2.10988433145471,-0.122102866258922,0.626149618547823,-0.50909457643659,-0.838291217903294,-0.401229492655246,-0.543051592306325
-0.456559889541724,-0.274772244657712,1.81350419493287,1.43252241284046,1.41353826323526,-0.726141950138502,1.47036293050964,-0.553886354363921,-0.0954351870429015,0.996863172993084,0.364559241766845,0.401931094707409,-0.653441394095594,0.335278587862082,0.337829509814468
1.08286769254764,0.34679732875794,0.560866210423638,-0.22154325348362,-1.44804858331941,0.99341750512084,0.0597697891205233,-1.78076269949354,-0.74495086000894,0.567689254783296,-0.107858244958281,-0.929604906818006,0.48464751894588,0.740732588180809,0.314727624015537
-0.466019533083837,0.580731166759284,-0.779710934156582,-0.134938757106955,0.910671074768892,0.360016300164446,-1.75670464113106,0.0265878974486978,-2.37150156674803,-1.02420661677202,0.301815780554034,0.30716108592741,0.198014606260375,-0.142341661578632,1.22378128158808
0.941731680063716,-0.163768751296665,-0.580779781524514,-0.463340554601328,1.74141002080123,0.443573056824772,0.156689430906018,1.36533501415194,-0.29235240280003,-0.507349425581441,-1.45800326701834,0.751338152440924,0.136784155511573,1.75001606080976,-0.0470947256234771
0.183065500817477,-1.17494228695811,-0.812861984230447,1.27355719255975,0.497837127604492,0.639797265374527,-0.155846927267113,1.16715047292203,-0.080502050740144,-1.61835135945073,0.653027439756031,0.403068203159261,-0.24400900217616,-0.283464481145235,-1.71422469605505
0.782935973227839,0.30071787555589,-0.959526900536768,0.178769013930218,0.597225346395953,0.00425336406102161,0.453739084103829,0.796446834623617,-0.274273951619857,-0.408934721493823,0.0613683772071903,0.457493335134618,0.51530275322061,-1.1506498848154,0.97666552242155
0.033443069077485,1.44933866841132,-1.16658962564399,-0.630726880468867,-0.885733047057065,1.89515766560399,-0.314092665307997,0.309944061791545,-0.60660764204562,-1.07131462182327,-0.889237345165528,-0.771766073259351,-0.94711420595897,-0.236534257725021,0.442612348058619
-2.64362344108355,0.848054931529225,-0.14917594466669,-0.546136256529222,0.498497892506831,0.0239709510242919,0.475375657753315,0.390961421030507,-1.03233058221609,0.534076029548212,1.69181019085282,0.927698700992256,0.552443553415318,0.484469276907718,-1.49329917263761
0.530591728193574,0.667951018200957,0.149771764815485,-0.457443477856298,-0.572240388311451,-0.235157008465882,-1.25442797381853,0.381944210959083,0.127652771092539,-0.251741714650207,-0.474761240374683,0.322551667647669,-0.621373454136234,0.498581708001763,0.0264569724674285
-0.433152210094817,-0.710323973585144,-0.981422422122992,1.33459059248594,0.648313562904948,-0.810797865900476,0.406542478400066,0.211679710240885,0.636882520959216,-2.02722125127683,1.30248738936862,-1.2134568320476,0.0176771316738375,-2.6310608544442,0.448272469381199
0.84765550040846,0.714553455623738,0.495693466545474,-0.533937946206713,1.62182371462194,0.394686142101212,-0.930174730980007,-0.680533132842116,-1.96701964772935,-1.66038920507366,-0.54821890010643,-0.319753148191674,-0.427858847019853,-1.36209308922667,0.308278375410776
0.334295202931925,2.37937168477172,0.0475231064015685,-2.13337513605587,1.19649189306601,0.745187201967969,1.54948775216501,0.177852997057447,0.593096240380383,-1.33448649711183,-0.377973331583288,-0.538915742115683,0.765959000490876,0.486286390472806,-0.907195515941099
-1.45242931054905,0.0176443317783414,0.609658494044445,0.874320316268091,0.801579541857422,0.6024970981059,1.09610232733027,-0.194414630076989,-0.130622213792708,-0.424586238250044,-0.453990769756859,-0.917909705151928,-0.61903479204513,-0.194758358206698,-0.80325536685718
-0.43734691603857,-0.217130378959469,-1.30347716014874,-0.759137245662572,1.56117993822971,-0.768315442921842,-0.725376390150059,1.40852848174108,0.801135884401332,0.036967537132545,0.380929250291965,-1.27630644581677,0.579078284253521,-1.9675549955418,-1.58317114694771
-1.06212823144966,-1.22991983373401,-0.187549162542294,0.629882048565113,1.16427119844051,0.535492618038264,-1.41587255870588,-0.579820242830086,-1.12029315831832,-0.0591565506237034,-0.258488326649821,-0.160652157809999,-0.171857503110174,-0.957215317523818,0.743859750462937
0.113916396208627,-0.112673710149933,-0.623499295488381,-1.68299259692636,-0.396873177212965,1.017375778718,-0.593452719395436,1.2910672642024,-0.0702141598083735,2.09037919257444,0.128046978175273,0.499530060255878,0.268587461542205,-1.48534093856678,-0.432639649312101
-0.384699842322388,0.803688051735919,-0.984886469398522,-0.108715422172934,0.775020016500889,1.23045537934832,-0.597126297783306,-0.152778181271302,0.82444933900111,1.99132253210228,0.680813393878317,1.07590694145881,0.730822338508968,-1.32311903941347,-0.646126231054823
-0.0471936353696767,-0.032617918252401,-0.407825628610928,-0.980016259754712,-0.170185227276324,0.630716243138624,-0.913907112742239,0.849387118731629,0.140574465237738,1.18907489222629,-0.105382335367202,-0.170256196603034,1.56108362593354,-0.229545388504309,-1.13579111497684
-0.905322946265125,-0.883573457698163,-0.708167193296164,0.109800096879647,0.775103077350635,-0.401430334599177,-1.1513418522439,-0.681171676695954,-0.291840116530124,0.272397579217777,2.31641327931604,0.366222452933062,1.27470908533116,-1.63702046929197,-0.408113400043534
2.35913673882359,-0.549511399304765,0.0776809789502781,-1.6588168645918,-0.780640641074561,0.984766860541495,-0.624946134427433,-1.22994506559047,-1.10760969330984,-1.36393253519024,-0.0827220287026828,-0.0920030870972482,0.526030508149303,-0.0519166205788551,-2.02529183559515
0.86509609898323,0.658087317574037,-1.89342844335678,0.404861423484603,0.591317213722408,-1.08151011770971,-0.12595429651969,1.93375842636806,0.348520726223858,2.26819354668177,-1.27103881196211,1.61107261425562,0.889802966623143,0.904868000794695,0.005380004896048
0.319607295687612,-0.180800924769628,1.68396088563616,1.24861803238148,1.94424305739942,-1.44053264291206,1.30078606675538,-0.0973111990979245,-1.00118043878832,0.0760398246233413,0.371924816143097,-1.19491198148385,0.454925650232048,0.510842896066776,-0.087498674121584
-0.347909146496961,0.115211008798763,1.11711165190977,-1.39119558481037,1.73778689369923,0.692488499915215,-1.59599224600098,1.15636513320373,0.0920440202353857,0.136026037976622,-1.59628388077838,-0.937189003871327,1.96383264034347,0.0631455423701923,1.10891952410241
-1.72503877824475,-0.788442644356054,2.3468920886427,-0.503432975797194,-0.843646206652235,1.49537817832091,-0.623664303583385,0.247233042288817,-0.2491157952199,-1.18602816972107,-0.230286947094055,-0.849158670364067,-0.849571266436719,0.0583497198144543,1.03846194319907
-0.161253841741656,-1.77952913830418,0.835788888334972,0.562543991011813,-0.285838278991653,0.0435939114189204,1.42481660358516,-0.530436592157214,0.103044432734503,1.1010477378205,-0.983251436742756,0.960313762261595,-0.0726314616879125,-0.850102203344625,-0.272729607729221
-2.10562626555948,2.36225716914314,-1.37728849832123,-0.516929812416261,0.288894215625485,0.257293526426139,0.835526366436963,-0.53316174117762,0.131238930131197,1.48130698557629,0.876293374272545,0.0843085812213492,-0.626882938486398,0.0320151715523935,-1.01637442018313
-0.386201322462379,0.0698871492791797,1.28821616526349,-0.14687773984088,0.663192848288889,-0.787526314970309,1.85174336063019,0.615390770625371,-1.50080581114738,-0.591834576150593,-2.18050900846633,-0.517891557538401,0.455443567693617,-0.588914656894873,-1.86713969238239
0.273407556601775,0.701684732334236,0.420469762163655,-0.903644472744317,-0.558809351240615,0.00100406921867199,1.88162273830041,0.0312667860360588,-0.74274364363562,0.391985776745688,-0.545109583871396,0.0738183796212678,0.0528873057864488,-1.27388253718448,-1.64065982829651
-0.8384759175624,-0.6719849610357,0.0197743016016212,1.55383323338235,-0.23098723659717,-1.48400125883782,-0.572142240760195,0.322104987084219,0.991082551034368,0.524757495619056,-0.395318854150485,-0.590124966291472,0.673001855216903,-0.528583834247612,-1.02874723044543
0.00550733381760646,0.290769072387259,-0.521736328328914,0.766444855343224,-1.70435428399411,0.467290577166556,-2.05730269372603,0.607121501280898,-1.85039319990246,0.54017822998319,-2.19432714649085,0.235008720247179,-0.116401756042002,0.228970578992958,-0.412839568611068
0.0762437913317171,0.167320548122757,-0.293299277341194,0.624579368926291,0.961375894066577,-0.328797582372369,0.528286151337855,-0.384859009617331,-0.0922191234192983,0.218047376784351,0.944333944641338,0.297768795241383,-1.16867720016826,0.409912370633683,-0.0226493502694841
-0.966971857175397,0.403555558260308,-0.390633532151072,-0.356561822730981,-0.180056509612875,-0.111505704054914,0.96781198542457,-0.274285500519102,-0.953321683769469,-0.449005819510864,1.17048158451555,0.285519741005,0.758719978181785,0.671367617776604,-1.97053987324762
-0.0687928573764902,0.631902630177043,-2.52936300893516,0.616604898409931,0.41022214339392,2.36447433054862,1.55775205956825,1.0822321915489,0.22239735922069,-0.0973791344536424,-0.490296135321994,0.56456085844173,-0.350005989173381,-0.609901127073788,-0.303458853297108
0.522987469899294,0.597759638550037,-1.07575553516814e-05,-0.520698982613263,0.111265957138162,-0.27506546976249,-1.08212144923284,-1.82999773881814,-0.844180570186929,-1.29642288431131,-0.319228641852507,-0.379099449893428,-1.2872684112469,2.38061137028099,-1.62246689900446
-0.518493354980536,0.95405804696282,0.0859703202324773,-1.78274212553671,0.639569605219666,0.667523308389635,-0.56697540036494,0.520994461841224,0.433602732906393,0.126471923374055,-1.07059840164089,0.0401608387333684,1.00061645350506,-2.68033464583087,-0.826594617033703
1.3730771640839,0.831287561365633,-1.48259873430952,0.42854810426312,-2.49489610074486,-1.93171300374855,0.265343958802366,-0.259451330169128,-0.882317346623493,1.10270789542047,0.896642967830944,-0.714343786497022,-0.778575139873853,-0.220217474606117,-0.607101964011924
1.30704125185436,0.172410544792823,-0.883979186221666,-1.70218235457966,-0.631002477920118,0.604692390331279,0.240089186462906,0.885505502595233,-2.42203925622184,1.27155261734509,-0.178469780155538,-1.50852576527502,0.252715366886319,-0.404921530059338,0.59250159157051
0.509644116991109,0.363823380745782,-0.638662034260871,0.470399040461132,-1.66092839605335,-0.899225707304426,-1.95005389722371,-0.207444262354077,-0.529577139336171,0.267065792446132,-0.379404042173249,-1.19729064553802,1.15564262532734,2.26143766967075,-0.63669460052562
0.424100110252591,0.693734729860397,-1.94652613900103,0.847399423382427,-0.547350493647517,-0.787333883812462,0.331039134365963,0.74220327888068,-0.560760749687481,-1.14194307319431,0.402145313295999,0.530812088859421,1.87756560649913,2.18645338425385,0.439803115865028
0.155153506526127,-0.20845608912738,0.635158881054499,-1.17808407427509,0.625670165253338,-0.973331142431278,-0.40791343588964,-0.965391520675453,-0.842698264849429,1.24986827049822,-0.486158375442928,0.638038295842635,-0.179499593353487,-0.0669578915414043,0.503636979155554
0.677062399775067,1.00676438467366,0.34539447621728,-1.07098510727059,1.09346020240829,-0.894708923049498,0.0851289971319888,-1.78632847442535,-0.612926334378441,0.809246356362264,-0.376753813275846,1.26769243622466,-0.6718254899672,-0.340407537588011,0.401907950107824
2.19822115064397,0.415417878158643,-0.321726374626256,-1.01392065340116,0.753067952769907,0.338329399894731,-0.51534872034945,-1.37412153698815,-0.397929351753936,-0.0845800141609717,0.746500797115591,-0.000286585447871496,-1.28859242541546,0.535850593726638,-0.917233484645615
0.818780615490232,1.46023868753822,-1.35905005271822,0.967880152529875,1.49818239979889,-0.257272955216858,0.345017190715049,-2.98690229370014,1.04651558060524,1.38003375666056,-0.62593673440748,0.732984715184274,1.17820982907896,-0.968346066275239,-0.46900343302765
-0.0927247999173647,-0.154625683269772,-1.55456241479814,1.42414878178919,0.312958462466377,-0.410492593928406,1.07405909208111,-0.539091982983523,0.635652298600636,1.04929466320602,0.469530469893426,0.224697607285134,-0.63788253369185,0.547297305716521,-2.61865533835952
-1.06618305169323,1.78096734355262,-0.219708402230901,-0.556284336832762,-0.722662814480458,-0.834317183845549,-0.101303752206454,0.374019659648251,-1.09846223248751,0.391736335447315,0.291669145441103,0.659079925591863,-0.711037615332554,-0.557983055082585,0.517843101871972
1.76983661654903,-0.363385852089058,-0.689586845952032,-0.922589393231866,1.35539821021238,-0.830885297491519,-0.452808681770154,-0.600680577061315,-0.463464187599331,-1.0991996469697,0.094554323530732,-0.410544243338423,0.786511113462491,-0.671455701972596,0.135465547635439
0.268196731213874,-0.441484963373818,1.47690430601042,0.208364318727103,0.431904917042669,-1.03009288896449,-0.115158005842412,1.33802687224237,0.0242507988317059,-1.5970421973595,0.311406937140934,-0.201084055267105,-1.02368823730426,1.05857629306947,-0.787102346527929
-0.313567960079533,-0.863774537153077,0.238647768657209,-0.773596132703252,-1.01755130818807,-1.13644196450055,-0.9762490480149,1.19946386269374,1.72263168125659,-1.68666121976207,-0.490259902511217,-0.576897617217195,0.686783974981671,0.505456275568819,-0.808580188654823
0.754345033072143,-0.482243822276082,-0.17035687952077,-1.06020280191081,-0.676652707596312,-1.4443241313219,0.938734508761297,0.210642494994885,1.82906296378076,0.537823170999654,-0.470745153291753,-0.955238271778021,0.200246889041345,0.657960975784804,1.10916035161538
-0.385611421736989,0.174740998489089,0.230577958687038,1.21757946232994,-0.329177011654031,-1.0520623281267,1.14095855013558,-0.093057021394573,1.4804132496531,1.85759306615266,0.599510700378448,-0.0691191112258097,-1.85195381118806,0.441287241429407,-0.0163711815315834
-0.0831766965161712,-0.325999562326963,-0.742042659010201,1.07866692662419,-0.502859507917262,0.113123887823579,-1.05590201510097,-1.39964739554242,1.24209135365475,-0.313511592929468,-0.143214848233611,-0.00839377424370559,-0.345583134593192,-0.00390129067371362,0.603070914018007
1.14980027323985,-0.75957654974644,-0.0387839175464713,1.37962417368137,1.42956937674155,0.678037963080862,-0.869058559589667,1.76496811845068,0.693912995709022,0.325684304763021,0.622283473308286,-0.369885936525654,-0.397549735762454,-0.27320955877615,-0.599349007693524
2.54761292300593,-0.428173340011677,1.51661679261822,0.630613859129357,0.305012986057096,0.192861041557463,-0.14554013253745,0.38722779131404,-0.410313739493458,0.640533042483433,-0.194308979925919,0.621441423875493,1.18055267792097,-0.394583290714731,-1.2306227824096
0.281317468598327,0.614033110394287,-1.55175359218091,-0.166557406002995,0.896586310060404,-0.14292347699007,2.1014820943238,0.488095756403654,-1.06628156363465,-0.146905117901014,-0.361896190258511,-1.0170916063969,-1.00683397369382,0.489902409559777,-0.446664200694489
-1.94075732875437,0.975992463979393,0.48271219930439,1.41917601841763,1.05034494608442,-0.256943954783259,-1.12875772417533,0.97601463727289,1.29011429027379,-1.38536014402176,0.518298543731843,0.360490088608823,-0.045275396322942,-1.17461710365138,-1.25670385061246
0.753120369699786,1.63912156298395,-0.00439035039414272,-0.535260913505839,0.453723309015966,0.129703272295353,0.806784457540718,0.305058229671227,-0.510914598136542,0.276464776284938,-0.196495338702061,0.973726372298713,-1.36160427326593,0.949359985913522,-0.339850950698339
-0.344248516742897,0.955118963314985,0.290879826890515,-0.412956928580057,0.296363988307499,1.01694998781544,-0.643912705928852,0.178322245253955,-1.47397688689568,0.617295376183724,-0.499231022079537,0.887453727582261,1.08785013071127,1.22728997732212,-1.48049707259686
-0.10131346308656,-1.16336752022501,-0.184801663381617,-0.333436742997793,-0.639182522150761,0.620985423459969,-1.61121731845404,-1.54775164573595,1.1079010738236,1.44395570840932,-0.550821497068319,0.32806378656645,0.64760421654803,-0.069734202555431,0.822351860877831
-0.182466838748332,-0.177896417514593,-0.356545920931388,0.20862708712599,-0.682256599938832,-0.787425763852038,2.01394059690473,0.187792187230452,0.214116286862579,-1.18411923576076,-0.63229810329389,0.390481338320242,-1.3903703278246,-0.935960179618375,0.860953313083857
-0.30057510740009,1.09874701035683,0.574206320701059,-1.21671807075993,0.333057294036571,-0.657867705406955,-0.590866217529397,-0.486799667302409,-0.906013128510466,-0.389055496920354,-0.751475013167786,-0.737528155133059,-1.060041755803,-1.75926285572553,-0.916278196808885
-1.01742031060342,-1.38442935407088,0.47388434610697,1.11248658356418,-0.600454625405121,-0.988460689710051,0.5319410772908,-0.0433041131046086,-0.118216512843656,2.31843648618104,-0.822863037741056,-2.21567561811781,-1.76563507479308,-1.31433137031107,-2.05160606943645
-1.37324514158267,0.729338624675877,-0.993745889854329,-0.687861709287303,-1.15033648473871,-0.339448955109584,-1.0421482107045,-1.3834866733143,1.0812286513273,-0.0875051968340861,-0.696763210170897,-0.368706574359985,0.340328473307853,-0.521427101003105,0.0220633603468366
-0.598560029441947,-0.70478640599735,-0.0955912734987271,-0.557361842348656,-0.102084701910329,1.05794833445593,1.10584437598253,1.5092590143284,-0.710567355072629,0.77022286402663,0.0167879799105775,-0.0580869578775167,-0.115806730554915,-2.07611773889472,-0.880544201396024
-0.0142044604573667,-0.794830966250454,-1.52840361184777,0.979029143737488,-1.00135821212676,1.01704006806753,0.0484956605179784,0.860775373771242,-0.655238992111546,-0.059788697740384,0.903964834088344,-0.967464010157997,-0.605541182605005,-0.631017679707862,-0.630662394702886
-1.24352491799116,-1.13615294564937,-1.19061983335899,-0.360909435308478,-1.04154375174791,1.38694929174728,-0.378898394110957,0.383990307281646,-0.256548406363,1.44785411776606,-0.138192523546446,0.433102977960382,1.24100596846561,-2.4908325479825,-0.784919115526555
-0.243597960063554,-1.71304974790983,0.828830861033244,-0.477208841333793,0.0853633383923272,-0.572316967270693,-0.564004836792965,0.246275425570579,-0.496817727359443,-0.0202908833173309,-1.81849339520365,-0.830773323854819,-0.0163661355409586,0.56815956970232,-1.14969338343086
-0.889077553359536,0.0867259874385981,-1.3430371820135,-0.382357853537626,0.107845401705014,-0.0778672576976043,0.071740149081088,-0.617690370566696,-2.13466825374395,0.318289409714795,1.1822509118139,0.773507908338207,0.634186707925429,-0.240610430246607,-0.260035163197855
-0.599243890935906,1.45832558516853,1.23116963408834,0.453329179587349,-1.30988294577335,-0.28464129154555,-0.538012022203075,0.104135244131195,1.58278873031081,0.285991219179028,0.648373169091754,0.857611261269439,0.00315686182158602,0.0150550789792643,-0.275098466269327
0.985394087586156,-1.10903096181691,-0.879560517559095,-1.06962072336107,-0.450258443170876,-0.944643854696359,0.650462757975518,-0.747769159959965,0.132563819909643,-1.34066453200348,-1.85690481116897,0.0430270294109837,0.293641391997204,0.145121491288102,-0.116039504413589
0.763919852553521,0.0365374520903601,-0.948463000898804,-0.327265326222515,1.62731994997416,-1.80501447296903,-0.000765105089335713,0.276922121337919,-1.75560847942533,1.08721472868901,0.0311962451061584,-0.561252300084287,-2.54621914071618,-0.551612472561091,-0.269374982772958
0.782525284360594,0.444690346170939,0.0675194429159637,-1.41275396954826,0.0981699002201677,-0.232181285398687,-0.624608567244839,-0.545081953534793,0.715943864629729,0.50926498594427,0.341588878509881,-1.98153396469402,-0.200902904226019,-0.00032651561997532,0.156328627180016
0.830650112713219,1.2861270038593,-2.11572557133995,-0.296218253263816,-1.82137806597248,-0.0207569039534805,-0.868410600007673,-1.42473184773452,-0.561249371894081,0.666680472134928,-1.55740183483386,1.13772890850042,0.569370222095256,1.02692601201389,0.105775867594717
-0.619465113387865,-1.4779903431721,-0.176727354077506,-2.28409782729206,1.30151679153214,0.678234342369866,-0.675260634603316,0.446529626963842,0.272536969247249,-1.15055972353595,-0.589661264984906,2.2153975130017,0.192925071248979,-2.16102484546327,0.879124931149926
0.0466115074334041,2.11022598067818,2.35194774764713,0.0803146559035594,-1.18512586054614,-0.566805186701422,-0.569371567931823,-0.449366273902762,0.276699369608484,0.127058464672529,-0.0719207155929746,0.414512403581347,0.00509591472088908,0.330546028477981,-0.325677151231497
-1.0762515569075,0.123121010239114,-0.394228798123952,0.177225456138684,-0.242932059710837,-0.416588667219238,-0.642503850603283,-0.619713034842252,-0.058922624243697,-1.16135129307059,0.528922859104055,-0.822874391968656,1.47458084394073,0.341171151736219,1.074281857052
-0.754137652269027,-1.2176127109381,-0.715388082448569,2.76026015149313,0.387090304389154,0.585814868027267,-0.488123562158371,1.64705670605757,-0.457121330541259,1.37008915031175,-0.208310588200898,0.120078609043448,-0.989637051987456,-0.649100696003217,0.913267102881137
-0.668671584893051,-1.15617182477592,0.463117110044164,0.767369291128774,-0.726974752418338,-1.10117689228842,1.09878516528788,1.00768713350273,-0.380085960952899,-1.7477063941314,-1.39588285232317,-0.979399135188072,-0.7477442084899,-0.964755353747797,-0.0504143173788384
-0.470691067777791,-0.0897516457396875,-1.23478693905424,-1.88308170744078,1.09169876165647,0.243087710824709,0.16320242937794,1.37234954785899,-2.30632728835872,-2.03235958429288,0.287333267454372,0.763863841163987,0.818710988640216,-0.394803723844728,1.69702747107985
0.485320559042347,1.59026041445768,0.824851997395193,-0.166785712932419,0.661377801388173,0.809880195261844,1.02978870014028,-0.572783466633669,1.2545562473809,-0.750426548119457,0.0797652768142027,0.713072353159862,0.401237606659031,-0.799939811911764,0.661395305869168
0.129301071477358,0.0166413253128707,-1.73192384287513,-0.142804776001624,0.465166734375112,0.999501671762749,0.374338347476288,0.509527309124689,0.681367673691236,-1.88412378086791,-1.30857426645495,-0.65839602204082,2.05674393304741,-0.0763634659420402,1.16680317505412
2.89172502258891,-1.73659700624026,0.984078953107302,1.82464648388266,1.86219173679672,-1.30692369130272,-1.66862037967586,0.440125320058258,-2.63307109043818,0.315273230526457,0.158014217391801,-0.747285154923125,1.14097449867079,0.96363808278042,-0.530496044888513
-1.79144418069558,-0.588559894207046,0.802081322317256,0.277586769904571,-1.0043741406342,-0.428811683934269,0.527640017831211,0.361090107442717,1.0281390437676,-0.560390197942251,0.114009583380455,-0.365184945757951,-1.48793289841025,-1.27779725410792,-0.765878506140488
1.0774640093695,0.721623041266194,0.46536932070501,1.29018994708257,0.0757718078139107,-0.52066832489173,-0.396336666219109,0.352950640997114,-0.521152272313543,0.83706651778072,1.08384684058145,0.467342467755776,0.0144957383329558,0.236155395366703,-0.19310337405019
1.23429807911537,-2.13446030710323,-0.562333333694034,-1.52356680726953,-0.935172665729852,-0.200963208954192,-0.451387271651063,0.502947212622222,-0.297085415606156,0.148048279101879,-0.675322755882024,-0.03285704291589,0.85884737759786,0.240727480138376,-1.57038302113386
-0.107823343048256,1.35014890483525,0.381442477552161,0.531280559175409,-0.884629085306876,1.59716751528184,0.118043490208408,-0.398855135091087,1.69572827578616,0.387988693472282,-1.7999002128278,-0.00816388909493693,0.65607122928535,-0.439835240067892,-1.27722959659407
-0.420374309460094,-0.476431783313032,-0.875898493164351,0.129750136724674,1.9314246605309,0.20215341560561,0.462168060017155,0.87227067346032,0.14949368349973,-0.983200704162607,0.253786446399575,1.4942678743031,-1.24939779039707,1.0528447802227,-0.113645522230124
0.265942533574492,-0.975386019063474,-0.20983739048224,0.10567628266113,0.0666841974534468,-0.670498453058865,-1.49306821370525,0.482851895512269,0.760615712806108,1.26905641957098,2.48601706592842,0.540149253693471,-0.215379448831504,0.540761283248993,1.47124228595548
-0.33085830454674,-0.921345964682266,-1.28119362964248,0.766002805708939,-0.764687981203246,-0.788414534944891,-2.09138275447261,0.425012379669727,0.0970772276346732,1.69079871495886,-0.451981813243187,1.37254804084372,2.12706128735805,1.18165478119477,-1.12631067831995
0.165074389552089,1.50843513327293,-0.0291831947037211,1.18466707338741,-0.0166896806528914,-0.577275048835499,1.97225097900629,0.882320875959373,-0.511132713807747,-0.285481890861769,0.32481786714144,-0.0422188124073378,-0.634688312348029,0.235372135487015,-0.224998375424037
1.14771386120811,-0.923639504186351,-0.0353087904396228,-1.078997799985,-0.150936276982687,0.697672536703964,0.62288178526344,0.0503363009586887,1.04775939119227,-1.18143025591542,-0.011294777359208,-0.067441913867599,0.513088704832435,-0.487406054936937,-0.538478772936447
0.111156606078632,0.681035195939392,-0.0661466350551709,0.293806018139208,-0.0929774821762076,-0.634289254723803,0.18768955399526,0.44908819787252,-3.80544919566482,-0.0890764636925175,-0.814047529224746,-0.827477794197128,-1.67814270606886,-0.169005782033221,0.307530997295611
0.344925487212171,-0.311703037717491,0.221655924379413,1.51514190538591,0.834645092118559,-0.830263963000348,-0.505106563745097,-0.509552827289464,-1.16246758555701,0.81779029366678,1.14300093581345,-1.93628504753549,1.83064222169146,1.18144537316447,-0.52443394386474
-0.446607079686508,-0.251133612910605,-0.054928850733729,-0.494203349895083,1.3870945378142,0.751910106947915,0.681083157102017,0.0727356852486075,-0.699010454482265,0.219017245875135,1.0959745587862,2.87762199244367,-0.833393594611442,-1.56044596868027,1.32827357490448
0.632233693005104,-1.57206660045557,-0.0247241629568403,-1.65236361634569,-1.4086240110617,0.886232770399571,-0.272374293711419,0.814881029800637,-1.85411543513812,-0.249297374798895,0.850432068874271,0.0280324018979162,0.694337034582758,1.90804617711044,-0.91930998412107
-0.892046777277824,-1.05999084759401,-0.624732011372956,-1.17091373228278,0.750514598411546,-0.25270484451733,-1.17626431002046,-0.490388096330636,-1.39517331397859,0.485813016368706,-0.229490079889735,-1.1661399219907,1.47069898276262,-1.1048783233008,0.760432633613359
-0.496496209089387,0.710708885644968,-0.492559231475366,-1.46378558778754,-0.840245046373275,-2.22351773084919,-0.179441918697615,-0.178889696117453,-0.455344900228122,-1.03871137056761,0.660089432068464,0.074976144149274,0.735158479843754,2.40278614577402,0.0811552910753574
1.03239392187802,2.22006750464133,0.91513015478331,0.202698076045466,-0.520512014273064,1.26017323530827,-0.00377557149551506,-0.422321179099987,0.278186916947278,-0.258372505802922,-2.74673266164393,0.157822424328396,0.766766305757891,-0.706797389583808,1.00890082826609
0.27519648482701,1.18121412748625,-0.717764312150571,-0.437123267310054,-1.60908549836765,0.198798909109681,-1.20791167925293,-2.33404115980166,0.889919969836301,1.03918819276941,-0.257295432508536,0.186514248713821,0.112195728282359,0.740407398689341,1.65569319397947
0.223931845501742,0.052287710740075,0.750252645105318,-0.537447787577865,-1.37140638071719,-0.0871272358203501,-0.262782634747259,0.843101912040015,-0.884218777062556,0.7419292373485,-0.444118283459105,-0.603734076512943,-0.364198161326641,1.29326220576505,1.04847514634365
-0.652989254781374,-0.509213020362904,0.438747639861487,0.131925830651596,-0.00649209181819691,-1.56709424243642,1.45398176249519,1.68318910433266,-1.87863650557058,0.139451634539438,-0.172297100452931,0.467773912230401,-1.44859001071756,-1.17178637401828,0.200027699293979
0.46250323290393,-0.165575671021949,2.55058450705525,-1.42684833333055,0.62253551391189,0.539578556228989,-1.69824924127338,-0.953898078076793,-1.92616422548639,0.960688364725531,0.0463254507973545,0.890506146234297,-1.11655614774469,0.963661750207137,0.031139476236468
0.244343493923148,0.298818185083024,0.744194839075957,1.37096034888212,-1.03309889329584,0.333648266837145,-1.37917902872168,-0.0184426578131088,0.655805714628794,-0.501249629925644,-2.25280676486128,-1.67331811380856,1.52190891659092,0.227691355487115,-2.06696045982935
0.0342277430043615,1.3462181504786,0.00134431141561647,0.0608489049789436,1.32249671956701,0.558396614695757,-0.486132539072739,1.30537104702204,-0.542600583779868,0.555938803341093,2.01155072148602,-0.0475491190154422,-1.14673216708112,-0.312081654206769,-0.484771426556908
1.05806453761655,0.742925568228027,0.727662359047557,-0.923248533163806,1.55417787199783,-1.37531515250064,0.0696354278368171,-0.106664597463071,-0.485014267274747,0.37660065336638,1.90822581802326,-1.05837557671632,0.575805767037026,-0.0837220590529599,-1.89749437077748
-0.985968511507556,0.113941716233798,-0.250983874082223,-0.518465131807325,0.877855526129148,0.944642804365985,-0.0727386585766555,0.30980822369989,-0.725046564498549,-0.838082984269197,-0.775292539965156,1.41144931013165,0.579852752911902,0.539352045343891,0.0651708077965452
-0.0889819943216425,-1.2419230682575,-0.554334348219811,0.361300490833762,-1.28018513571341,0.377069227928762,0.794814217652111,2.9317525912206,-1.17093305145917,0.471400149604171,0.46735264020051,-0.193762196065506,1.32379304704281,-1.46035232982062,0.271052563397818
1.17427564320788,-0.799987315283635,-1.14089478170052,1.42321030893897,0.582892956506992,-3.16595348705324,-0.184696063558596,-0.766044633592818,2.01750551363951,0.449059125798928,-0.273881706067811,0.0859216431462799,0.0606787295976865,-0.0719206572008688,-0.997557611288368
1.87697508263101,-0.0970504459679452,1.13959964436634,1.14046843527657,0.421996392456275,-0.772728437172971,0.461281708206022,0.0499165792288392,-0.511412619770785,-1.8288874476505,-0.455261172584417,1.30023142379971,0.566734501348367,0.952565045825256,-1.26409266363616
0.0236398732859649,-0.702949609247021,-0.0195778446607186,0.921111167259133,0.442592734457393,0.696081447784849,1.14696548120855,-0.517271921118395,1.99887930814983,1.95106469593209,-0.579149502421947,1.57248092405212,0.0210312051204941,-0.664634428789124,2.60213940748607
-1.57938237691796,0.279989174240413,-0.369932379071787,-1.43132011888305,0.358981967817273,-0.436930210330268,0.948281836466883,0.39847542986938,0.863389464189513,0.895567699844322,0.331394977525732,0.0393471917515625,-0.365914313457463,0.733729304440709,-0.17243774548124
0.70345780882291,0.724306374406969,1.76105954394254,0.512252915500923,0.716578616340615,-0.733503473426745,0.227919572651517,-1.24472623348795,-2.95668601316591,0.2372048418572,0.968202690265015,0.549648225041927,-0.152477728373477,-1.76719149610319,1.17209307087389
0.522375123374764,0.604294296669319,0.795887735368791,-0.238516142800503,0.560653027001011,-0.436016487661681,-0.433424246174624,0.367347042148595,0.123644250626441,0.567927320788207,0.71890308716894,1.9937710101266,-1.52558093956449,-0.733083673485109,0.504929079087975
0.274612962347448,-0.648392825258314,-0.183011053235253,0.938449474176099,0.413250967222295,2.26262165761992,-0.939395240078111,-1.75029838414406,0.687158887675752,0.953795299177112,0.601007273153575,2.69850974308305,-0.428448839406139,1.48086840433239,-0.141744046891383
1.01441446895215,1.67399707095459,-1.17288693082109,0.775256871599411,-1.06587697131139,-0.45395283535147,1.7359654485376,-1.15829604216981,-1.03254131578373,-1.37159170245151,1.04988572680926,-0.55921652769804,0.201933710496424,1.10316238239545,1.15078349912629
-0.345108035074972,-1.30905771440702,0.0984995614301981,0.945947623705289,0.53231544948875,0.0780011989045626,-0.469722915376968,-0.0927963850364008,-1.50032393519148,-0.6639736195138,0.576791901169387,0.0510727030089782,-2.23099550625078,-0.748187481848677,-0.590133254341946
0.648699310216232,2.68940883196634,1.16654520507391,-0.859853838740321,0.271523129474529,-0.90937562755681,0.623121449516908,-0.853446766481634,0.033314328113821,-0.561090776671253,1.06669307523531,-1.16020346478317,0.374034404194112,0.526389208064195,0.511197591688164
2.43175321637663,1.89734791770973,-0.0852595981216336,1.94777683451417,0.189072640160699,0.524072143798387,1.8251593310282,1.42682087250142,0.165104626867995,0.124529765922449,1.32857325169173,-0.105957479336718,0.132399628397103,-1.14756299399234,0.403700406283634
-0.36566741671455,0.758465214558376,0.50009245105195,0.39251474986011,-1.70324325652165,-1.24280692424711,0.0500589262270161,0.788042744899924,0.839972807979887,-1.73339084878163,0.38983315678,-0.423024436168263,0.112414704479914,2.32234766771137,0.510115095774672
0.339732455936362,1.04234449818824,-0.0982281108752998,0.292364524770386,-0.205060909735602,0.763822427515809,0.762536350251807,-0.0211061652232989,1.04077850701922,-1.05004490001409,-0.407489573520602,0.00387261321260843,0.828266852372408,0.272968496538995,0.525878290690406
-1.29676282825936,0.949230492898082,0.917638914505327,-1.20394328575671,1.80447176672708,-0.666513768529487,-0.450481088381699,1.58998856834902,-1.20950377922685,-2.45697082105357,0.558885936922824,0.36599924965795,0.312694310450007,1.99424698090163,-0.734850192962044
0.444075503619572,-0.508705589095274,0.299796693405451,2.45227115702763,0.335250364403136,-0.659878761856383,-0.513469648153724,-1.18584449505779,2.04542332420434,-1.25895816816904,0.368607677922427,-1.09296402892072,1.84135301990716,-0.257017603737457,-0.531338890310286
-0.275618050649037,1.50657150555055,0.642891901491579,0.781066852668177,-1.69916159291673,-0.990094405615155,-1.74116089104174,0.119921101948663,-1.82195834350197,-0.784187980326362,-0.598555365696517,0.522528014161988,0.665873995053506,1.50648764290013,0.804980389736114
0.289995554621741,0.670167249866798,1.00276845770244,1.55683792234068,-1.15279720744567,0.422988129815693,-0.124299808056,-0.167809946506038,0.318415139931806,2.0582604147175,0.267581184946881,0.305211984397432,-1.19832299797336,-0.111930434647213,0.249289584490164
1.29362911270058,-0.767652404770676,-0.0349296725717292,-0.486574819501359,0.180639117822195,1.01622871877644,0.713951031568959,-0.648285543962435,0.282059959095426,0.142702122668425,0.858112186825855,-0.0310005182727767,-2.36644213520091,-0.855071208523744,-0.39970180715013
-1.47547120777455,-0.8731806606436,0.240383203500415,0.513237715106729,0.17915279358588,-0.0582876249222845,1.02723148196219,1.90268755764242,1.63383439641908,-0.963688630738865,0.203662476279579,0.373227472296546,-0.11062843618782,-0.535222603154845,-0.40118749877241
-0.0317876210281887,-0.228092586592661,-0.0409112978736631,0.7544556453601,-0.142544492237518,-1.23467162115671,0.761660348130873,0.159251893153797,0.0795917886192339,-0.622211083799049,-0.154421355022116,0.432829001838073,0.297508516561379,1.38929562599823,-0.0581954952493508
0.552850525742772,0.0363833468504733,0.277498967803484,-0.0955525166760759,1.40546796181736,1.25235403714989,1.22908051680538,-0.282063962185273,-0.899071331511951,2.30618828163694,-2.48008692323405,-0.0780797020068324,1.74555604256557,-1.73001798691611,0.534713766449152
0.30167573361858,-0.846647153714899,-1.56662383403546,1.17544855595162,0.560221861834188,1.56456425402255,0.961961709699422,0.658318308478637,-0.109938702427366,0.0673398747231813,-0.280219486566895,0.0748562683125707,0.0669506246493387,-0.510898767326636,0.601209223292742
-1.1642484745654,0.47681152437108,-0.953791896762056,-2.20813060289799,-1.97155916866552,0.203808081110219,-1.17695717383072,0.500209731793928,1.38251363968181,-0.0555116624254362,0.103065618270715,-1.46465690428973,-0.466060864733995,0.477348682613745,1.00894561073481
-2.56805248960538,-0.0734102109040214,0.221269956622607,0.532050485239358,-0.330793073151772,1.36476954142246,-0.620741588423602,1.5477247395328,-1.53312941120761,1.35013352959923,-0.0936090166874005,0.963614785372929,-0.0866641731101764,0.880306282117349,2.58373896985289
1.06726535172721,-1.8489424118127,-0.447465194022005,-0.269997554009841,0.312468373590123,-0.198344132858487,0.110444455830117,-0.0598892145462551,0.999856649095172,0.9358980020079,-0.233495275443222,0.358967377122269,-0.480424776233381,-2.31021755365643,2.75775397468004
-0.58745445636441,-1.08351174329598,-1.28863682005867,0.528946131800683,-0.100724552344165,-0.372600984099227,0.122890597244989,-1.7112305240451,-0.350768289589484,1.31027677672981,1.62728506508371,0.260294281513719,-0.458391792980627,-2.1958899667807,0.660900561684867
0.441469710491005,-0.702994100142771,0.447071997960329,0.21869451700944,-0.370221105014735,0.670765014738688,0.347195843570363,-0.528936794302611,-1.29754417201136,-0.492676526705679,0.273012663354979,2.34842433034135,-3.0540021666017,-1.30666773253763,0.52408843844213
2.21710591673897,-1.07929867622628,0.253436126069806,-0.0407709549058352,0.908151916039055,0.574919323851383,-1.13752026567633,0.551659244939642,-0.615917529687411,-0.836508390477869,-0.273382311887532,-0.503030796773513,-0.627921695916861,0.020177469622199,-0.893225788686073
-0.368852900779629,0.635738147606862,1.85269131698878,-1.36598667604305,-1.00669322456437,-0.411313642061227,-0.425696187300317,-1.25588745071811,-1.86088040433816,-0.068077563911032,0.612863510884116,-0.541502987274955,0.401581962494172,0.572445110950502,-1.16147586255857
-0.659609699056863,-0.0201585556295962,-0.706655998622355,0.57957698035941,-0.370924160836223,0.657162543679527,-0.420203135596575,-0.763743063734352,0.77645159775187,1.6044432702386,0.591245541324187,0.0966046218393759,-0.255834486060596,1.20483623099777,0.680510303007221
0.951298114503696,1.01713642713832,0.884282389169258,1.39873091365073,-0.282851033606756,-0.340300113558564,-0.86123157879607,-1.29999520459252,-0.938367173452756,-0.954659699465677,0.0265815161894382,0.0463846001798087,-0.364986968573523,0.37651956023351,1.65772613746803
-0.132766529881271,0.710014466840675,0.556055651486731,-0.403489647373106,-0.293578963992003,0.946366989057843,0.198359035693678,1.75433495322618,-0.597511166409013,0.342861033964936,1.31479633860504,-0.0480652579266859,0.368257728662762,1.13690265577797,1.23903965837769
-0.500590381367623,2.29594442006657,-1.49248840391053,0.809477780569126,1.41848079906925,1.27766801946841,0.786102718625275,0.0684110566412265,0.749329575480987,0.399625791692665,0.442000849367997,0.00224149011637303,-0.793893548382242,1.16856891281281,-0.695894854496866
0.662366684578548,1.60241974299013,0.480165652277935,-1.40689546889413,-0.457121366073496,-2.57412544664194,-0.40124141966301,-0.459225904096644,-0.231203911938251,-2.00211783324741,1.49594704814578,-0.00198560656242143,0.213081690437909,-1.09544878255067,-0.305252800422175
0.791842959619787,1.13397348149075,-0.0824988168076465,-0.593328336808434,0.196661286821525,-0.470095337548947,-0.72433212035186,-1.56086496369104,-1.15499975148602,1.74456424276029,1.87181609095668,0.602898955187094,1.01494770339637,0.0336910138766762,-1.00325004787056
0.11062835399479,-1.74711764806668,1.01623052401463,0.208636865738659,0.310256159812712,-1.61748665064133,0.448316490170988,0.389822820517684,-0.355935908002382,-0.632874120760589,0.162483021778851,-2.12380840169903,-0.221389698364031,0.550289237328618,1.22900348994795
0.521478157017397,0.725102151917407,0.581688344834838,-1.41661383597294,0.899472110323413,-0.144976340845301,0.706498886991461,0.0954999304214202,-0.709294934097066,0.31712825968562,-0.744658429937184,0.62435400777862,0.518549210734519,-0.143974279409516,-0.792584218038015
-1.87818462968409,0.90223066172422,2.41815755981837,-1.60788743199859,1.87598568223271,-0.145731489914,0.0444422668366638,2.33465426772921,1.78138944980286,-0.4120866196516,0.834947379098581,-1.01861530386931,-0.284527184744112,0.735421785051332,0.275546030760685
-0.82005675770136,0.163420973090016,-0.26926070859384,0.477238003955596,0.60337231000264,0.0119914263716485,-0.681120150780489,0.0212730151016408,0.503791832008782,2.18025672968286,-0.762402464793241,1.35208870157133,1.31413722245821,1.39784422142759,0.703900746185286
0.0145055617862952,-0.974283527182069,-1.13995754995874,-0.676002912394457,-1.89910323293531,0.406792849980385,0.201622343479272,-0.79724874284743,0.174424253673803,0.474902752876969,-1.53714488450656,-0.09314016843354,1.18179390275882,0.631089641222262,0.134835908500871
-0.497280880449469,-0.889390585200305,-0.979952987138865,-1.5746164168246,0.818063563620734,0.767700481170966,-1.63621722310629,0.0774300664324948,0.560095256141615,0.467031799787699,-0.656129958502119,-0.360385668295448,1.07067433323611,-0.763062615820385,0.399855383106483
2.05885641497842,-0.893038896223831,1.46903910463042,-0.798417580784682,-0.357338816152947,2.43935620864035,0.259862261812498,0.177529770429278,-0.604508990206228,-0.186141397556423,-1.125105212752,-0.634624001429389,-0.846572123886816,-0.998692659390338,0.0583466882267947
-0.280435630232139,0.793050977034146,-0.927682766872463,-0.858552624770333,-0.292599366924156,1.072463271206,0.438143985660686,0.877730187973688,-0.946994535028702,-2.09818118573407,-0.583667373603796,0.867984318292062,-0.246722555323236,-0.787812689564349,-0.0205913263648716
1.02416183440955,-1.76632577061303,1.44478783092771,1.00487386442501,-0.684388919801297,0.493331882224293,0.610714991474227,-1.89866650959288,-0.718867607282978,-0.568263530509229,0.964315449914798,-1.48879619372539,1.08715975508294,-0.510088605299143,1.62906687206481
-0.698132182331845,1.63339447776054,-0.187775483300757,-0.979161748245465,0.274720028567892,-0.822077081664382,0.74210707860837,0.666755781892755,1.56734372232652,0.293711165683937,1.0067655106721,0.174404771880941,0.16982174358061,-0.023264849169944,-0.907564366925862
0.277160529340476,-1.49719070500071,-1.00554848650463,0.15475672585558,-0.271634871384896,0.749773531490524,-0.420984790101498,-1.23156353769377,2.03235348354321,0.130169515590093,-0.969219314918634,-1.21869511233022,1.68658166292052,0.375087613405963,-0.0914214654353819
-0.8206297916208,0.0880481371378283,0.92577251485113,0.794863570380777,0.839146507440303,-0.506695309030931,-0.062483759729357,-0.665328364553422,2.0924668879538,-1.22445074330397,-1.06054301853298,-1.82505102327115,0.393220860342015,-0.0345301569532092,1.6944284703789
-0.559278228687803,-0.00984693419402177,-0.020842225418073,0.0406928981056827,0.491728772212216,-0.00117460822173537,-0.464814359530875,1.8019405050693,0.936705800210012,-0.72109029449852,-0.6254657870846,0.559559781764326,-1.71686756907873,0.724575923459179,-0.626522099366242
0.29778625349425,0.860104445426022,1.39119825829869,-0.308821777205354,-1.58140471194875,0.439498490120916,1.56586142851358,0.332575989593342,0.415432874855962,-0.860411953113864,0.395894941408832,-0.125782100365696,-1.20395718311492,-0.179752888562975,0.395500274966307
-1.36346813562524,0.209889226341719,-0.655974817908689,-1.14197335161012,-0.738852736001741,-0.964038103199176,0.446472174649501,0.919398726395081,1.0087694597596,-1.69139575294051,0.517141706070995,-0.231127939114997,-1.09711055436979,0.592121343513092,1.2115163970238
0.859864855657007,0.860141183970302,-1.29693736354578,-0.00297927423617161,0.0762331788413362,0.121287996273338,0.709151220415497,-0.757775189648261,-1.41153422445443,-0.192293498595008,-0.368319457683842,-0.59290371273742,1.14399546182226,-1.35037812402611,-2.31879093839766
0.117937126509022,0.396054390654508,0.479483928460736,-1.18412931898628,1.30749755216221,-0.611003291259416,-0.555207547638367,-0.027066854827912,1.38691749288599,0.0717984484289779,-1.30884832940233,0.274375060267905,-0.115667631958407,0.633467002486106,-0.789521878524287
0.0998952938927434,0.246017781704617,0.745785539114881,0.299258174768305,-0.509130450520877,0.90324103225654,-0.0117131068531448,0.635055620904079,1.15239729812313,0.91218707237715,1.66061884056165,-0.601711101417576,-0.587699472948335,-0.521868902755147,0.950629800499947
0.366720576335789,1.90649913221342,-1.73531391108058,0.997402057646924,-1.1752785351179,0.472763365180399,-1.23097544790967,1.21489062227412,-1.88487236026896,-1.25242566151477,0.554858467607247,2.04113265239704,0.214308212155115,0.278737714786084,0.194885578882371
-0.507869715440062,-0.852690579696826,0.846265074421654,0.91164356912314,-1.96682008489598,-1.35334167365939,0.362910920264037,-1.93683257188937,0.583386684840462,-0.0436475883835721,-2.26953008828038,0.983731726792401,-0.415233235273428,0.244425717171918,0.238425992773465
-1.5882563176002,-1.00464568438606,-0.685816449129564,1.34528957310166,0.321657592418926,-0.735702136191354,0.70859825647239,-1.43460907618752,1.0079256321048,-0.227182390484296,0.351373409830264,-0.839760567159966,-1.02518788515258,-0.573206858079601,1.22494478241928
-1.75700068932047,0.625554077276141,0.285809605671486,-0.340518529382185,0.131577384093664,-1.12099222079619,0.230401062807131,0.588121994419965,-0.221355364957967,-1.20941282898105,0.809331044965152,-0.841093730241,0.32956274703412,-0.623557894861956,0.748851362229617
0.510689216182106,0.730865590006263,-0.799441562432119,-1.06237141283926,-0.961289599142351,-2.06665676258792,0.794531078106359,-0.628073056304683,1.85790939723757,-1.15180864209193,-1.27608563126732,0.889521814057968,-0.409297033893343,-0.922981480654835,1.55821813296047
0.698093713386301,-0.568823652508477,-1.43563432866359,0.0158630427505723,0.3664717638,-0.964505342011021,0.826831177677095,-0.646859563692593,0.495266268664427,0.181517425938544,-1.80468591321683,0.0851148620980303,0.72212816434543,-0.958117315683805,0.911136304762674
1.16753559749551,0.8064846624905,2.24284280774628,-0.206346446758567,-0.645176028798725,-0.640645272955995,-1.10870526167811,-0.437547757687659,1.44244043012079,0.0585884587316812,-0.0797028169747476,1.10655118616244,0.732840461062918,-0.290229330011214,0.680939811900357
0.0354546745127297,1.72125528797217,-1.85864417336806,-1.22130459516979,0.257442818300519,0.466549683614013,-0.369364984787785,1.71069753178943,0.596828673842939,0.585769616202451,0.216868539541832,1.30920165714699,0.121498319709596,-0.72589634055754,0.521931428125625
-1.95662002893829,1.86017396287355,-1.1484029714764,1.66202793646427,1.42132053783345,-1.13985839485125,-0.334853769873079,-0.285306309311305,0.48844389997846,-0.88686137738466,-0.32298536538422,0.885353297019261,1.19399717574954,-0.511627788847331,-0.726224251130235
-0.0361861667762585,1.74079717593186,0.0307234061295946,0.0888640497374978,0.256357536529049,-1.53093269575866,-0.139406723059527,-0.285022287279881,-0.54237235573079,1.63676356024999,-1.24320071756124,0.292140994243145,0.58829443180402,0.912334375678693,1.50292319703995
1.25567734926104,-0.247820282106148,1.07174937822515,-0.0251995308211388,-0.555023954578436,1.27794452303631,0.893097893264745,0.178714077230494,3.04584727073177,0.0187142564698259,1.71651197429271,0.552403189315597,-0.350969024993284,0.523919384308983,0.789122437685441
-0.239979215850522,-1.2483239017702,-0.72020341599757,-0.962438184085066,-0.0910893334287581,1.87691569454281,-2.10247930997616,0.976196292604115,-0.0992606215504231,-1.28180610548163,0.995014537880978,0.359656346111458,0.569835014302258,0.192697323493281,0.368459751236906
0.509730943714339,-0.61973334699723,-0.630329394911677,-1.73861004783232,-0.188423346683925,-0.708307461547007,-1.03681047545642,-0.383457581874723,-1.50350058749465,-0.0773583776954507,-0.608136130377247,-1.3253613084373,-1.15519673756337,-1.76747928934821,-2.86503500236605
-1.17363797718196,-0.799746870177983,0.815084741828007,-1.50007729380602,0.811027870050603,-2.11961008246509,1.10464218515751,0.217517624122651,-0.742896413840047,1.00207274856034,0.715255734371612,1.40905887306301,-1.62669472741963,-0.515085880896118,0.0651474873275336
-0.660155763703817,1.20082596699207,-0.409129643889505,-0.465410686180993,-1.69823565674045,0.710309244507972,-0.844601881002196,-0.566108697808086,-0.675924565651693,-0.650383053154628,0.027482535549396,0.397931588393234,0.773875548139158,0.332087975000724,-1.1044548435659
0.94113400628705,-0.936955475336444,-0.696809327765565,-0.592031442875703,0.550226021279417,1.16948640422874,0.218402851342636,-0.402900137591354,0.411007032578113,-0.305339676377711,0.634214251946522,0.304574663853361,0.455517291732141,-0.222644895288752,0.521762194670515
0.107398556098504,0.189000999672536,-0.552801490800113,0.868288948231789,-2.11685819882888,0.63907679274874,0.0980705684055456,-1.82119966516866,0.875114670210519,-1.14799540632112,0.864239238071628,-0.762250895463444,0.00930963026246655,-0.0829801808239817,1.79176757653474
-0.230172000550577,-0.011824576183049,1.13650821740487,-1.16252750554127,1.29207886346587,-0.240409266332004,1.44852852552489,0.906970951841376,-1.23654498266834,-0.528867016334228,-1.67387824517236,0.392844505314921,0.681600348457593,-2.16744290555415,-0.758816515162927
-0.233039571275737,0.179734533354419,1.39480508533177,0.229603181347134,-0.387053580541619,1.83653444063411,-0.86340004099766,1.02585423551578,0.105942463722634,-0.154628031621352,-1.94858302338289,0.419743350252146,0.773100950715258,0.0295553970157498,1.26743569825426
0.28751866642475,-0.376901758532442,-0.453365842468366,2.1366961528548,-1.39481156667581,-0.34675740083668,-1.5853022049437,0.15461975194194,0.867901489546697,-0.6035734280268,-1.43962201117313,-0.109585131892904,-0.223775721465889,0.184933705747303,-0.384369835108581
1.39309448765765,1.34205069450483,-1.24141731505419,-1.14694562999523,-0.662071202455326,0.52268702679233,-0.594025286811939,1.33256271105846,-0.728969027156238,-0.127066033829419,0.315660829875524,-0.851119696652019,-0.411710707024435,-0.00814673870176912,-0.416926842948969
-0.515756610283253,0.338069911263329,1.30860235014892,0.268012456706817,-0.0525192037176537,0.565339331604186,1.98924940859411,-0.0953062348962235,2.85998560293608,1.27599565214115,0.932733534046757,-0.0465964812693943,0.959763334893208,0.2321411627691,-0.359230005511353
0.455498971620388,0.747183703033601,1.49789139629701,-0.995988217012128,-0.473068786185348,-0.0203145966131879,0.614663873453869,1.6638799206699,-0.582332383423714,1.66130246600975,-1.15449425318088,-0.296816977451253,0.695581126634114,0.874085689906647,1.00913582743759
-0.231117437015281,-0.086597399980145,-0.235684137221374,0.218834873452364,0.963962274328675,1.60866695710818,-0.26116886730737,-0.874343187600623,-0.73305184029367,1.29144697620605,-1.1221614660284,-0.510317648493842,-0.212495945654492,0.692046688503181,0.139362740468515
0.682471287850831,-0.55142443649203,0.0173862619470929,0.349504143922768,0.334318527679253,-1.11224586603247,0.254795393198672,0.31278672861145,-0.0580414640311522,-0.00202768138585646,0.694031003719116,-1.48010846076819,1.14271335910703,0.399532158287407,0.936387144897334
0.442201805427585,-1.67510102637212,0.620732835960176,-0.951816469794729,-0.724912858563728,-0.080851195320818,-1.01264871108022,0.368156535673166,-0.609714412276702,0.0236809383635328,0.453835122928711,-0.409386025472872,-1.4361542300935,0.508066002102702,1.02953681505354
0.469052721372095,0.817887410900727,0.696462946936063,-0.871856788380728,-0.2651485029695,0.205357744015723,1.04636345109313,0.356868132002028,1.52219738629289,-1.63374746023767,0.80745157883965,-0.701261389264432,-0.896416156818181,0.982120385588287,-0.956881765666495
0.447383992005385,-0.314619954125416,0.961612863592231,-0.381397801226064,-0.531899715407623,-1.6464490360612,-0.625707441742867,-1.06193781665507,2.1459059601057,-0.302171183791352,0.350361693217796,-0.281321404845279,-0.353597142977905,-0.26989261692499,-1.65011427314463
-0.950556682380604,0.0583412901254148,0.407425072106814,-1.09957986134558,-1.10159026791988,0.870342764753915,0.385588376814399,0.394693983378524,0.988159633975663,0.395258837404282,-0.260636055402355,-0.0912181507734466,0.595392352830628,-0.46326478777051,0.679685028027491
0.165181747596526,1.27305560837033,0.425609034485633,-0.802173865936009,0.439457677009014,-0.175248783910858,-0.274441881098507,-0.17549846769754,-1.96854307051945,-0.0145705241738484,-1.61138029475172,0.852790149858874,-0.495720660604288,-0.713300107785237,0.479789382878386
-1.60619805680108,-1.09124134577997,0.504233267592521,-0.15924896947004,-0.387237281718698,1.28987910816783,0.616572393108275,0.733795418765714,-1.07728181775805,0.262530435334035,-1.36582189743349,-1.85241140268109,0.410890218610786,0.203527935648986,0.238563199140052
-0.18728589624471,0.648461886186332,-0.382105858635119,-0.315314279957411,-0.95046410728662,-0.392340855648157,0.761849274763109,0.841695444303076,1.54573608889037,1.01528594034425,-1.3316452265484,-0.309739017873782,0.415437034115661,0.598653225008153,1.56545915160605
-0.919748309895336,-0.864999757238666,0.508940808327398,0.605571227915514,-1.15477411703484,0.489081667152027,0.731810166517297,0.577957306115907,0.07128453587973,0.743392648524837,0.517342813529109,1.18412671842214,-0.0527052323501144,0.986329389589258,2.03740205834351
-0.133636031852842,-0.175776629605477,0.0885354228490404,-0.426185795952927,0.287588975026573,-0.338495216782255,2.17928389936527,1.82377733151039,-1.44093871805715,0.338149576268059,1.61615803381193,0.73873044722704,0.346291238865875,-0.71533949460815,-0.299406538644548
0.439481551607421,-1.00800416939972,-0.65373636730719,-1.54225923400875,-0.506601385233469,0.107808470173832,-0.965716990436435,-1.66939805057127,-0.150706047159293,-0.0957148714621427,-0.304732497292733,-0.358610211921269,0.84173727869054,1.4750398840784,0.280171714277449
0.0630066309591906,-0.786492435251945,1.98584881123821,-0.0308079506800768,0.93382850458187,-0.156154387022651,0.869926054037243,1.29505308459883,-0.685022700069427,-0.667168835188489,-0.232267892418852,0.212014861681488,-0.0937945639642877,1.50136028709515,0.990383479131724
-0.68108681485826,0.66644672741632,-1.33204348969182,1.41439104814417,-0.240309507458293,-1.46850200457605,-0.882344472161123,-0.034196314630374,1.29616123988571,-1.61978633174915,3.18102140417203,-0.335391572677965,0.728212255180158,-0.281993552803071,-0.778536280453143
-0.0825826910611811,0.840082658444293,0.383748693851082,-1.02846423733947,0.485004101370217,0.169303749493389,1.4755783568991,0.232640009378427,0.823948064306504,-0.605029349855223,1.03908136363772,1.04742802132282,0.142409224511751,-0.480686684854586,0.654110997806794
-1.62159896383027,-0.0515366171766839,-0.580149841676091,-1.16823356126355,0.558461182617126,-1.19051725654962,-2.26968536828228,0.4022040286436,-0.867402298998581,-1.02399242839633,-1.49022783813398,1.23362098441824,-0.970999424103501,0.50997346093543,0.208548454375247
0.248731712456108,0.716693332687989,1.27363598069712,-0.730590038487659,0.9756365821568,0.400174509297835,-1.29515076392028,0.804316555090237,0.856155172867564,-0.410843548718808,-0.665566394112473,-0.189102221373534,0.944965059254998,-0.904129185380677,-0.954244653815192
-0.794123874700692,-0.489828365084981,-0.649313208502012,-0.555993061719812,-0.341964376923595,0.855866343914207,-1.40254428492045,-0.0989380173302425,0.093946634657146,0.291853365463137,-0.653250462656557,0.16423409173242,-0.85579569648569,1.07707705247867,-1.17396377644942
-1.25292131181335,0.240229932307802,-0.0247616901692738,0.373928174827284,0.374404744593369,0.627498566939324,-0.476779992121512,0.744701542302242,-0.826053036819402,0.606235449600155,-0.741404443909195,-0.83209987915536,-0.669682142206469,0.370711663130139,-0.202029047489818
0.94672985473458,-0.844236628377803,-0.222833429706564,0.973252433378318,-0.551236076955377,-0.571332665298177,-0.737735925047726,0.700638715501901,-0.863739051094958,0.507679905807441,1.34735365130153,-0.352445737671284,-0.427441668803136,0.352015558149952,-0.780669318557399
-0.0887527121864726,-0.687952860688659,0.98921948828886,2.04192318910455,0.238725435225335,-1.7299519720571,0.87993849938694,-0.376462820018896,-0.191349804365857,0.256440250705605,-1.1702955299808,-1.02911538216954,-2.34290244193048,1.63551159106299,-0.210060282888329
-1.04841079487856,1.04028820622161,-0.049854974347867,-0.451321232432863,1.49207153498096,0.811679377955796,0.390927052645678,-0.0629884690764689,-0.608810752053344,0.0575329959852255,0.448976847580329,0.185886329745278,0.00264193770540283,-0.899253506819272,-0.1984366592476
-1.15105343091063,-0.0944947861859669,-1.41693870311925,-0.00318923989510476,0.702637410296284,-0.706975794448127,-0.1605370720866,-0.84062626010679,-0.297664169379282,0.76419383707762,0.395367985984622,0.81291491931273,0.285962989646792,0.796169564599584,2.06050113261435
0.896015671409303,1.12082255105555,0.449533300412884,1.2154129308179,-0.44819922284081,0.86647510416623,1.28630493626914,-1.68365240794541,1.2032038158785,-1.21206237778953,1.07721100260104,-1.41295410609538,0.398276720437941,1.75235253711088,0.556207463997419
-0.359044862825283,-0.274762492541012,0.648700672189961,-0.681533083043657,-0.265874571092175,0.531839218733904,-0.294780928571531,-0.229235444654177,-0.467971611546904,0.659263751414291,-1.669019027515,-1.29412429274185,-0.614038595684274,0.765033350226541,1.44517823585474
-0.354153902686699,0.745726821164535,-0.870062577662138,0.373465089014187,1.74609077476612,0.180562663760247,1.29447936614059,0.169945238301882,1.26314588622688,0.333618857504223,1.69089656329705,1.07859245512367,-2.36074467207969,-0.800720046654827,-0.977719356731852
-1.19352074736367,1.45554498174987,-2.05776333754497,-0.0778100746198044,-0.171920119807286,-0.529418207995234,0.35874748395092,0.771246533968521,-0.616229962326029,0.279019468696824,1.21533193837284,1.06322157032892,-0.347183116660722,-1.46482067943472,-0.627061787735032
0.95924737443228,-0.365676167549366,1.67127032676832,0.181675347462401,-0.6404120403909,-0.503588620281741,0.587696184611686,-1.1976655225151,1.12221166912657,-2.70275135721297,1.94389839833022,0.292768033009332,0.84136174962027,0.877384575382377,0.592300009469231
-2.23775747389227,-0.103612306438243,0.869576798723567,2.20041795537786,0.72881905231283,0.261501726885105,1.57925546103512,0.52313236939138,1.28115464159342,-0.0622152334976373,-0.655894095433731,0.401249980728878,-0.768881032779835,-1.56805429573498,-0.432321034330247
0.22512647500356,1.11138514633173,-0.651123107895853,0.742287356605821,0.670280257789593,0.977547032377826,-0.30046780120774,-0.133437083765616,1.38421453952073,1.2298328406264,-1.18209843525028,-1.55258967352503,0.0273793915965274,-0.256599774365809,1.05444399551892
0.909996956433933,0.398183625786285,1.63466855590207,0.041840514339746,-0.915750243956972,-0.642705717423691,0.925360822969162,1.9053182060651,1.12884615906227,0.722471278171302,-0.417014712471223,-0.0849884325739573,1.29104592704634,1.07689388607605,0.193179366899768
0.726774314252988,-1.60180063692324,-0.263370446059535,0.781813829706769,0.415095242280053,0.962822078164416,-0.111625973061886,-0.93499462365416,1.42861524658539,-0.588612336203608,-1.2685158389066,0.761669968600082,0.537115134077348,-2.05971305749877,-0.877308614076268
-1.67362356925858,-0.100355858479609,-0.934293678996399,0.831903654695199,-0.29130655851089,0.062801091760489,0.663764999995085,-0.934953710957071,0.974746560641963,-1.35910027541138,-0.0456152374753143,0.770334074040012,-0.353181663315714,-0.0305972935954091,0.34023433935438
-0.862499835112118,0.854371450331248,0.339041255290814,-0.237781956879942,-0.459429119211485,0.309740357126567,-1.34146354522017,-1.29395355329835,-0.532592255148655,-0.141598399731135,-0.804289793356063,1.7188095609203,0.268478261822394,2.03829444088765,-0.154166952967131
-1.17252947742083,0.174358968569593,1.96629561764177,0.474595399125155,-0.0143725985685686,-0.620810790394065,-0.214291555444223,-1.09854960708871,0.555227567415577,-0.839772053600617,0.986179455698399,0.517855147252926,-0.895716233158388,-0.517518703482804,-0.867465356042228
-3.20715033927845,0.878114305695852,-1.39802683099973,-0.242787235582024,0.12131916077053,0.260699198508734,-0.238890562649464,-1.62152462061818,-0.384742782559135,0.188537891148135,0.243288529280325,0.82915899366551,-0.164863851959691,0.668388620283089,-0.176442329648648
-0.747134516399832,0.219964339767956,-0.419208949244545,1.51217984789697,0.417717839148689,0.380022837306632,1.19040638967369,-1.63403097774912,-0.955022863127178,0.61018309188881,0.258561942120176,0.550462606412852,1.15718320380363,0.268546817786044,-0.756448535238019
-0.675129215038456,0.392159228133108,-1.18897548287296,-0.0188715374478375,0.920818145068397,0.111525459737553,0.96420373906291,-0.382401651639658,-0.0886712618441968,-0.101645619195332,-1.14525711300104,0.770205743279311,1.59355965260308,0.710038830973605,0.495704486298986
0.302292027571,-1.33571071367082,2.03262821373352,0.340394692825003,-0.259713341172578,-0.185707953658272,-0.457279407549294,1.33993706659577,-0.107181837257439,0.0904756924804622,1.20411911009405,0.720133979220273,-1.54338090326419,0.144413214360547,-0.826313063018126
-1.22138333443299,-1.76942058067376,1.01474496927939,-0.385887766293773,1.0215911205165,-1.41534169735731,-1.58217850807484,-0.688017096297135,-0.452316529457234,-0.737018796066653,-0.851786637261873,1.02066635819623,-1.48345970740268,-0.191193373802413,0.168254314579203
1.07625685382659,-0.524053178256232,-0.127413043925854,-1.12515640328248,-0.580576472343652,1.39193505084741,1.76102108291769,1.44837435225673,1.243975656887,-1.15141107193684,-0.13187894256394,1.07945436283894,-0.207292290033566,-0.053563997638969,-0.51736388546102
0.584031854397249,0.249359351155977,0.976789032004795,-0.210725731132818,0.0550185279984715,0.761912305407723,0.543045123841874,-0.736965247836237,0.713152897878928,-0.242090742247081,1.64394654560532,0.725216715486835,0.583671973243638,0.0626693267652051,0.0962411741662234
-0.193875922604291,-0.215693908821974,-0.822794479952836,2.55397714769728,-1.56380214484881,0.355776238558558,-0.0410816370424191,-2.50150896464082,1.66369108764011,1.7475969565113,-1.11631522092954,-0.344249347107445,-1.35970708863082,-1.90297040923849,0.98173340518029
1.45101262394125,-1.03337381485707,-0.258976458937316,-2.15599222613393,-0.209487092191583,0.17273797001761,-0.123166907899874,-0.290468192644921,-0.287082264991311,0.901681088018484,1.02011272327786,-0.566287444411879,0.840512607784458,-0.303382373335409,1.19807464995389
-0.781063464712713,-0.409540937329899,-0.886408763373626,0.389978018124781,0.666336374090274,0.86986665765259,1.83641807753022,-0.347207725006469,1.66356374352342,-0.426446238342982,-0.57129760788099,-1.61246162218035,0.240199495089316,1.16975490367636,0.485239048553938
1.61890936187768,-2.67262729672369,-0.224467743569084,-0.844793831067929,0.66176097792646,-0.191893740689632,-0.468411888564142,-0.258078187948773,2.45552088385028,1.02800465547529,0.32444415763045,1.77925326631481,2.25758628040579,1.07717663069933,-3.10882514405748
-0.632383061298482,-0.153607811956487,0.969124617959709,0.8930081368226,-0.0371334117051083,0.13373397181621,1.46099425348176,0.382990457978979,0.0159234046453785,-1.64016139566896,0.408965868153528,-0.807411900382579,0.922804497489282,0.194581667535713,-0.611508395652204
0.652337965990642,-1.77197881412595,-0.96467279131424,0.392657962876141,1.55168168100267,-0.552781538641001,1.04669250070123,1.34641655897898,1.13093175409841,0.70098317533118,1.54021058897176,0.746252314642682,1.827950532003,-0.150451431504943,-0.479781319703993
-1.03175926569881,-0.442970723568756,-0.551949867437154,0.664795093235401,1.03536085246001,0.708327341146316,0.168838409782387,-1.35129945896904,1.38171023046252,2.34003622061487,0.199618651842387,0.270030235230989,-0.670800873979792,-0.508137184952716,0.889196803577866
0.0904288285530945,-1.11861609069208,-0.710960554171312,-0.38292948658393,-0.425019166770796,0.839017072813415,-0.309352378431294,-2.39240981680172,0.751011281324177,-0.421286169601693,1.31834393806351,-1.3500357629399,-0.140176766533116,1.12348883804011,-0.741156895685697
1.0546584290952,-2.10771725635869,1.47384585399659,0.718539762338424,-0.209578399273862,2.17724439775571,-0.282492016328009,-0.43067624785025,-0.621870920580294,1.2461964289448,1.52511617678839,0.659768674975531,-0.791865236114184,0.846639537617369,-1.20214331408169
0.861680790867157,-0.990459099596629,1.32506387784729,-0.298204541014475,-0.336373155040492,0.563199537368659,0.232843730894774,0.408736339867601,-0.485390209604239,0.178782280517762,-0.122476760250168,0.948047589330923,-0.504924935378538,-0.525912763541629,1.97445031223315
0.228527737315609,0.144637098374249,-1.5524198590627,1.36869585374679,0.458461171484858,-0.711740795203755,0.0241165353898698,1.84967337212962,-0.911931269466761,0.603262978115959,-0.370599063129488,-2.15131255989729,1.83334136337258,0.856938521624154,2.11876300702453
0.159245780501192,0.556218065348533,0.942352559474519,0.577907917799187,0.141666527803067,0.241670030677128,-0.388015431688164,1.06816806551369,-0.919743390805865,0.862557159135147,-1.04169397709047,-1.02532804411766,-1.0739460651691,-0.100196717438986,0.266458981096058
-0.0274792502961297,-1.0449660969085,-0.0546626511660812,-2.1454578537559,0.65997428464389,0.886880951687894,-0.863113384161554,-0.157861238926242,2.35885620048033,0.64558110525428,0.562158268512215,-0.953426268313014,0.31683337667331,-1.73295043779174,2.2664160357631
-0.108608823767136,-1.41112868107905,-0.808479109649395,0.547312739660182,-0.116117278496109,0.571565689878649,-1.22367849611885,0.556166682347338,-0.30772342361051,-1.11816773185679,0.461907750758122,-0.0027887016332603,0.0248776563925898,-1.21383347368144,-0.475044679153353
0.739334985261676,-1.58146214230067,-1.63901170150119,1.0674154551147,0.841533054375906,-1.0625941412505,-0.797565808138718,-1.57168495148554,1.88862274628573,0.274716838139193,0.612111475461999,0.0772823527980589,0.459994138401821,-1.53319891143653,0.455641751743257
1.14938773708672,0.546190178345546,-0.453485833484238,1.2804933132066,-0.49653331585782,0.0325524214651964,0.727278169926262,-1.7191218169128,-0.374665111914235,-0.926716640151496,-0.620040351519897,-0.278889317678436,1.36928850723412,-0.982187462492885,0.272314392514352
0.855051974125482,-0.105433513715142,-0.127475064617352,-1.04208313327048,1.27039148266676,-0.741690699015664,-1.35724765185681,0.14235718653805,1.22279468114893,-0.751600465231311,1.21971361605478,0.942442858240353,2.50914067518102,0.748640107619923,-0.825178734171852
-0.46107666624434,0.553495559307832,0.541456420303679,0.414662293850864,-0.402861595300727,-1.56738388159091,-0.954427876269199,-0.811919972454082,-0.13988606921292,-0.486424106636313,0.045692109364943,0.0449869800005304,-0.894875026005154,-0.497398582016053,-1.86969870784306
-0.706201985338196,1.99551120511672,-0.360889331084188,0.144278295742282,-0.425736549198955,1.32306649867624,-0.175327842517957,2.74236116712654,0.104878641105711,-1.35265198199652,-0.800668727276234,-1.10378927288661,-0.296911070596816,0.339346764842826,0.123581519059302
-1.13976828219699,0.0184268427174591,0.650976417993253,-1.10408692137873,-1.75334065405929,0.942165746243112,1.16715544618787,-0.788718824931863,-0.949197733457606,1.5261461766668,0.407338657152159,0.413705991516873,-0.344355512016502,0.879803570368506,-0.286690664321167
0.9421835676869,1.24091192584063,0.130338811689187,1.06726183084914,-0.314201306477271,-1.47494145747506,-0.326484698995318,1.27354965468031,0.755309326545882,-0.843461659305013,1.05805728368302,-2.78101527202156,1.53456868644925,1.35959908858448,-0.432728180663883
-0.272515647474257,1.02164586853648,0.467980659434634,2.14762902010297,-0.501213009996313,1.53395422376827,-0.476438675799377,-1.22238373530336,0.458332865266803,-2.03360487528488,-2.49804872949064,-0.653451238097971,0.630525632434358,-0.314044228304914,1.93618467945374
-0.531114867236498,1.26163697568739,-1.54400714612916,-0.0853846810406155,-1.67606563186277,2.3044729022885,-1.28028683005549,-0.814705226136686,0.726054949062507,-0.187888949258957,1.3102457411764,0.296995192200981,0.751664364917426,-0.576920460460096,-0.0149231906447084
